source,product_id,name,brand,category,price,was_price,is_on_special,discount_pct,unit_size,cup_price,cup_measure,avg_rating,review_count,scraped_at
woolworths,ww_651492,Mandarin Tangold Seedless,Mandarin,Fruit & Veg,0.77,0.77,False,0.0,each,0.77,1EA,,0,2026-06-18T14:40:52Z
woolworths,ww_143109,Mushrooms Cups Loose,,Fruit & Veg,12.5,12.5,False,0.0,per 200g,12.5,1KG,,0,2026-06-18T14:40:52Z
woolworths,ww_187314,Woolworths Broccolini Bunch,Woolworths,Fruit & Veg,3.7,3.7,False,0.0,each,3.7,1EA,,0,2026-06-18T14:40:52Z
woolworths,ww_143304,Woolworths Mushrooms Cups Punnet,Woolworths,Fruit & Veg,4.0,4.0,False,0.0,200g,20.0,1KG,,0,2026-06-18T14:40:52Z
woolworths,ww_133211,Cavendish Bananas,,Fruit & Veg,0.88,0.88,False,0.0,each,0.88,1EA,,0,2026-06-18T14:40:52Z
woolworths,ww_134034,Gourmet Tomato,,Fruit & Veg,0.54,0.54,False,0.0,each,0.54,1EA,,0,2026-06-18T14:40:52Z
woolworths,ww_120080,Hass Avocado,,Fruit & Veg,1.8,1.8,False,0.0,each,1.8,1EA,,0,2026-06-18T14:40:52Z
woolworths,ww_105919,Fresh Pink Lady Apples,,Fruit & Veg,0.86,0.86,False,0.0,each,0.86,1EA,,0,2026-06-18T14:40:52Z
woolworths,ww_144329,Onion Brown,,Fruit & Veg,0.63,0.63,False,0.0,each,0.63,1EA,,0,2026-06-18T14:40:52Z
woolworths,ww_141410,Mandarin Imperial,,Fruit & Veg,0.53,0.53,False,0.0,each,0.53,1EA,,0,2026-06-18T14:40:52Z
woolworths,ww_381241,Woolworths Mushrooms Swiss Brown Sliced Punnet,Woolworths,Fruit & Veg,5.0,5.5,True,9.1,200g,25.0,1KG,,0,2026-06-18T14:40:52Z
woolworths,ww_124011,Mushroom Portobello Flat Large Loose,,Fruit & Veg,13.5,13.5,False,0.0,per 200g,13.5,1KG,,0,2026-06-18T14:40:52Z
woolworths,ww_381923,Kanzi Apple,Kanzi,Fruit & Veg,1.31,1.31,False,0.0,each,1.31,1EA,,0,2026-06-18T14:40:52Z
woolworths,ww_785544,Kanzi Apple Punnet,Kanzi,Fruit & Veg,7.5,7.5,False,0.0,1kg,7.5,1KG,,0,2026-06-18T14:40:52Z
woolworths,ww_208895,Potato White Washed,,Fruit & Veg,0.9,0.9,False,0.0,each,0.9,1EA,,0,2026-06-18T14:40:52Z
woolworths,ww_137130,Lebanese Cucumbers,,Fruit & Veg,1.6,1.6,False,0.0,each,1.6,1EA,,0,2026-06-18T14:40:52Z
woolworths,ww_135306,Red Capsicum,Red,Fruit & Veg,1.98,1.98,False,0.0,each,1.98,1EA,,0,2026-06-18T14:40:52Z
woolworths,ww_829107,Mandarin Amorette® Seedless,,Fruit & Veg,0.59,0.59,False,0.0,each,0.59,1EA,,0,2026-06-18T14:40:52Z
woolworths,ww_134681,Fresh Broccoli,,Fruit & Veg,1.49,1.49,False,0.0,each,1.49,1EA,,0,2026-06-18T14:40:52Z
woolworths,ww_147071,Sweet Potato Gold,,Fruit & Veg,1.96,1.96,False,0.0,each,1.96,1EA,,0,2026-06-18T14:40:52Z
woolworths,ww_157649,Eat Later Cavendish Bananas,,Fruit & Veg,0.88,0.88,False,0.0,each,0.88,1EA,,0,2026-06-18T14:40:52Z
woolworths,ww_170225,Fresh Zucchini Green,,Fruit & Veg,0.98,0.98,False,0.0,each,0.98,1EA,,0,2026-06-18T14:40:52Z
woolworths,ww_135344,Carrot Fresh,,Fruit & Veg,0.36,0.36,False,0.0,each,0.36,1EA,,0,2026-06-18T14:40:52Z
woolworths,ww_130935,Fresh Granny Smith Apples,,Fruit & Veg,1.31,1.31,False,0.0,each,1.31,1EA,,0,2026-06-18T14:40:52Z
woolworths,ww_144607,Strawberries Punnet,,Fruit & Veg,6.0,6.0,False,0.0,250g,24.0,1KG,,0,2026-06-18T14:40:52Z
woolworths,ww_144497,Onion Red,,Fruit & Veg,0.83,0.83,False,0.0,each,0.83,1EA,,0,2026-06-18T14:40:52Z
woolworths,ww_259450,Orange Navel,,Fruit & Veg,1.29,1.29,False,0.0,each,1.29,1EA,,0,2026-06-18T14:40:52Z
woolworths,ww_135369,Woolworths Australian Grown Carrots,Woolworths,Fruit & Veg,1.7,1.7,False,0.0,1kg,1.7,1KG,,0,2026-06-18T14:40:52Z
woolworths,ww_169438,Truss Tomatoes,,Fruit & Veg,1.25,1.25,False,0.0,each,1.25,1EA,,0,2026-06-18T14:40:52Z
woolworths,ww_137102,Woolworths Continental Cucumbers,Woolworths,Fruit & Veg,3.2,3.2,False,0.0,each,3.2,1EA,,0,2026-06-18T14:40:52Z
woolworths,ww_169067,Woolworths Qukes Baby Cucumbers Punnet,Woolworths,Fruit & Veg,4.0,4.0,False,0.0,250g,16.0,1KG,,0,2026-06-18T14:40:52Z
woolworths,ww_149864,Tomato Roma Red,,Fruit & Veg,0.8,0.8,False,0.0,each,0.8,1EA,,0,2026-06-18T14:40:52Z
woolworths,ww_154340,Iceberg Lettuce,,Fruit & Veg,3.3,3.3,False,0.0,each,3.3,1EA,,0,2026-06-18T14:40:52Z
woolworths,ww_149620,Woolworths Cherry Tomatoes Punnet,Woolworths,Fruit & Veg,3.0,3.0,False,0.0,250g,12.0,1KG,,0,2026-06-18T14:40:52Z
woolworths,ww_155003,Apple Royal Gala,,Fruit & Veg,1.2,1.2,False,0.0,each,1.2,1EA,,0,2026-06-18T14:40:52Z
woolworths,ww_267084,Woolworths SunGold Kiwifruit Gold,Woolworths,Fruit & Veg,1.39,1.39,False,0.0,each,1.39,1EA,,0,2026-06-18T14:40:52Z
woolworths,ww_259514,Lemon Loose,,Fruit & Veg,1.49,1.49,False,0.0,each,1.49,1EA,,0,2026-06-18T14:40:52Z
woolworths,ww_169792,Blueberries Punnet,,Fruit & Veg,5.5,5.5,False,0.0,125g,44.0,1KG,,0,2026-06-18T14:40:52Z
woolworths,ww_139238,Kiwi Fruit Green,,Fruit & Veg,1.02,1.02,False,0.0,each,1.02,1EA,,0,2026-06-18T14:40:52Z
woolworths,ww_147603,Spring Onion Bunch,,Fruit & Veg,3.0,3.0,False,0.0,each,3.0,1EA,,0,2026-06-18T14:40:52Z
woolworths,ww_144336,Woolworths Onion Brown Bag,Woolworths,Fruit & Veg,3.6,3.6,False,0.0,1kg,3.6,1KG,,0,2026-06-18T14:40:52Z
woolworths,ww_138801,White Seedless Grapes Bag Approx. 900g,,Fruit & Veg,7.9,7.9,False,0.0,each,7.9,1EA,,0,2026-06-18T14:40:52Z
woolworths,ww_145028,Mushrooms Flat Large Loose,,Fruit & Veg,13.5,13.5,False,0.0,per 350g,13.5,1KG,,0,2026-06-18T14:40:52Z
woolworths,ww_149930,Woolworths Swiss Brown Mushrooms Punnet,Woolworths,Fruit & Veg,5.0,5.5,True,9.1,200g,25.0,1KG,,0,2026-06-18T14:40:52Z
woolworths,ww_152608,Woolworths Mushrooms Button Punnet,Woolworths,Fruit & Veg,4.5,4.5,False,0.0,200g,22.5,1KG,,0,2026-06-18T14:40:52Z
woolworths,ww_201685,Woolworths Mushrooms Cups Sliced Punnet,Woolworths,Fruit & Veg,6.0,6.0,False,0.0,375g,16.0,1KG,,0,2026-06-18T14:40:52Z
woolworths,ww_165262,Driscoll's Raspberries Punnet,Driscoll's,Fruit & Veg,4.5,4.5,False,0.0,125g,36.0,1KG,,0,2026-06-18T14:40:52Z
woolworths,ww_262783,Woolworths Washed Potatoes Bag,Woolworths,Fruit & Veg,8.0,8.0,False,0.0,2kg,4.0,1KG,,0,2026-06-18T14:40:52Z
woolworths,ww_115330,Fresh Packham Pear,,Fruit & Veg,1.42,1.42,False,0.0,each,1.42,1EA,,0,2026-06-18T14:40:52Z
woolworths,ww_713429,Woolworths Garlic Head,Woolworths,Fruit & Veg,1.88,1.88,False,0.0,each,1.88,1EA,,0,2026-06-18T14:40:52Z
woolworths,ww_524322,Woolworths Baby Leaf Spinach,Woolworths,Fruit & Veg,3.3,3.3,False,0.0,120g,27.5,1KG,,0,2026-06-18T14:40:52Z
woolworths,ww_106218,Bananas Kids,,Fruit & Veg,3.5,3.5,False,0.0,5 pack,3.5,1EA,,0,2026-06-18T14:40:52Z
woolworths,ww_215609,Woolworths Portobello Flat Mushrooms Punnet,Woolworths,Fruit & Veg,8.5,8.5,False,0.0,375g,22.67,1KG,,0,2026-06-18T14:40:52Z
woolworths,ww_143311,Woolworths Mushrooms Shiitake Punnet,Woolworths,Fruit & Veg,6.9,6.9,False,0.0,100g,69.0,1KG,,0,2026-06-18T14:40:52Z
woolworths,ww_179994,Woolworths Mushrooms Oyster Punnet,Woolworths,Fruit & Veg,6.9,6.9,False,0.0,150g,46.0,1KG,,0,2026-06-18T14:40:52Z
woolworths,ww_215610,Woolworths White Flat Mushrooms Punnet,Woolworths,Fruit & Veg,7.0,7.0,False,0.0,375g,18.67,1KG,,0,2026-06-18T14:40:52Z
woolworths,ww_727144,Woolworths Sweet Solanato Tomato Punnet Punnet,Woolworths,Fruit & Veg,3.0,3.0,False,0.0,200g,15.0,1KG,,0,2026-06-18T14:40:52Z
woolworths,ww_134072,Beans Round,,Fruit & Veg,6.9,6.9,False,0.0,per 250g,6.9,1KG,,0,2026-06-18T14:40:52Z
woolworths,ww_149374,Corn Sweet,,Fruit & Veg,1.7,1.7,False,0.0,each,1.7,1EA,,0,2026-06-18T14:40:52Z
woolworths,ww_141496,Woolworths Cos Hearts Lettuce,Woolworths,Fruit & Veg,3.3,3.3,False,0.0,2 pack,1.65,1EA,,0,2026-06-18T14:40:52Z
woolworths,ww_138082,Ginger Fresh,,Fruit & Veg,33.0,33.0,False,0.0,per 80g,33.0,1KG,,0,2026-06-18T14:40:52Z
woolworths,ww_147197,Woolworths Butternut Pumpkin Cut,Woolworths,Fruit & Veg,3.51,3.51,False,0.0,each,3.51,1EA,,0,2026-06-18T14:40:52Z
woolworths,ww_245902,Lime Fresh,,Fruit & Veg,1.52,1.52,False,0.0,each,1.52,1EA,,0,2026-06-18T14:40:52Z
woolworths,ww_651492,Mandarin Tangold Seedless,Mandarin,Fruit & Veg,0.77,0.77,False,0.0,each,0.77,1EA,,0,2026-06-18T14:40:52Z
woolworths,ww_111670,Potato Red Washed,,Fruit & Veg,0.9,0.9,False,0.0,each,0.9,1EA,,0,2026-06-18T14:40:52Z
woolworths,ww_137091,Woolworths Fresh Herb Coriander Bunch,Woolworths,Fruit & Veg,3.2,3.2,False,0.0,each,3.2,1EA,,0,2026-06-18T14:40:52Z
woolworths,ww_135156,Woolworths Capsicum Green,Woolworths,Fruit & Veg,1.98,1.98,False,0.0,each,1.98,1EA,,0,2026-06-18T14:40:52Z
woolworths,ww_314012,Woolworths Royal Gala Apple Punnet,Woolworths,Fruit & Veg,4.9,4.9,False,0.0,1kg,4.9,1KG,,0,2026-06-18T14:40:52Z
woolworths,ww_524336,Woolworths Baby Leaf Spinach Spinach,Woolworths,Fruit & Veg,5.0,5.0,False,0.0,280g,17.86,1KG,,0,2026-06-18T14:40:52Z
woolworths,ww_143709,Pumpkin Kent Cut,,Fruit & Veg,1.9,1.9,False,0.0,each,1.9,1EA,,0,2026-06-18T14:40:52Z
woolworths,ww_638009,Woolworths Iceberg Shredded Lettuce Lettuce,Woolworths,Fruit & Veg,2.2,2.2,False,0.0,200g,11.0,1KG,,0,2026-06-18T14:40:52Z
woolworths,ww_379515,Woolworths Baby Leaf Spinach,Woolworths,Fruit & Veg,2.2,2.2,False,0.0,60g,36.67,1KG,,0,2026-06-18T14:40:52Z
woolworths,ww_314075,Mandarin Afourer,,Fruit & Veg,0.51,0.51,False,0.0,each,0.51,1EA,,0,2026-06-18T14:40:52Z
woolworths,ww_189459,Onion Shallot French,,Fruit & Veg,0.65,0.65,False,0.0,each,0.65,1EA,,0,2026-06-18T14:40:52Z
woolworths,ww_139645,Leek Fresh,,Fruit & Veg,3.0,3.0,False,0.0,each,3.0,1EA,,0,2026-06-18T14:40:52Z
woolworths,ww_135918,Celery Fresh Whole,,Fruit & Veg,4.5,4.5,False,0.0,each,4.5,1EA,,0,2026-06-18T14:40:52Z
woolworths,ww_306510,Macro Organic Banana,Macro,Fruit & Veg,1.24,1.24,False,0.0,each,1.24,1EA,,0,2026-06-18T14:40:52Z
woolworths,ww_288440,The Odd Bunch Carrots,The Odd Bunch,Fruit & Veg,2.0,2.0,False,0.0,1.5kg,1.33,1KG,,0,2026-06-18T14:40:52Z
woolworths,ww_246566,Potato Brushed,,Fruit & Veg,1.18,1.18,False,0.0,each,1.18,1EA,,0,2026-06-18T14:40:52Z
woolworths,ww_405838,Red Seedless Grapes Bag Approx. 900g,,Fruit & Veg,5.5,5.5,False,0.0,each,5.5,1EA,,0,2026-06-18T14:40:52Z
woolworths,ww_310968,Woolworths Fresh Pink Lady Apples Punnet,Woolworths,Fruit & Veg,4.9,4.9,False,0.0,1kg,4.9,1KG,,0,2026-06-18T14:40:52Z
woolworths,ww_385085,Woolworths White Washed Baby Potatoes Bag,Woolworths,Fruit & Veg,4.8,4.8,False,0.0,1kg,4.8,1KG,,0,2026-06-18T14:40:52Z
woolworths,ww_381923,Kanzi Apple,Kanzi,Fruit & Veg,1.31,1.31,False,0.0,each,1.31,1EA,,0,2026-06-18T14:40:52Z
woolworths,ww_745467,Woolworths Celery Sticks Punnet,Woolworths,Fruit & Veg,4.9,4.9,False,0.0,300g,16.33,1KG,,0,2026-06-18T14:40:52Z
woolworths,ww_306343,Jazz Apple,Jazz,Fruit & Veg,1.31,1.31,False,0.0,each,1.31,1EA,,0,2026-06-18T14:40:52Z
woolworths,ww_135568,Fresh Cauliflower Half,,Fruit & Veg,1.75,1.75,False,0.0,each,1.75,1EA,,0,2026-06-18T14:40:52Z
woolworths,ww_827507,Country Fresh Exotic Mushroom Stir Fry Mix,Country Fresh,Fruit & Veg,6.9,6.9,False,0.0,150g,46.0,1KG,,0,2026-06-18T14:40:52Z
woolworths,ww_147981,Woolworths White Cup Sliced Mushroom Punnet,Woolworths,Fruit & Veg,4.0,4.0,False,0.0,200g,20.0,1KG,,0,2026-06-18T14:40:52Z
woolworths,ww_144785,Woolworths Fresh Continental Parsley Bunch,Woolworths,Fruit & Veg,3.2,3.2,False,0.0,each,3.2,1EA,,0,2026-06-18T14:40:52Z
woolworths,ww_588064,Woolworths Fresh Food Kids Mini Apples,Woolworths,Fruit & Veg,3.9,3.9,False,0.0,5 pack,0.78,1EA,,0,2026-06-18T14:40:52Z
woolworths,ww_120384,Woolworths Red Watermelon Cut Quarter,Woolworths,Fruit & Veg,9.9,9.9,False,0.0,each,9.9,1EA,,0,2026-06-18T14:40:52Z
woolworths,ww_254080,Woolworths Navel Oranges Bag,Woolworths,Fruit & Veg,5.9,5.9,False,0.0,3kg,1.97,1KG,,0,2026-06-18T14:40:52Z
woolworths,ww_135552,Fresh Whole Cauliflower,,Fruit & Veg,3.0,3.0,False,0.0,each,3.0,1EA,,0,2026-06-18T14:40:52Z
woolworths,ww_775369,The Odd Bunch Avocado Prepacked,The Odd Bunch,Fruit & Veg,6.0,6.0,False,0.0,1kg,6.0,1KG,,0,2026-06-18T14:40:52Z
woolworths,ww_135324,Capsicum Yellow,,Fruit & Veg,1.98,1.98,False,0.0,each,1.98,1EA,,0,2026-06-18T14:40:52Z
woolworths,ww_830353,The Odd Bunch Lemon Prepacked,The Odd Bunch,Fruit & Veg,3.4,3.4,False,0.0,500g,6.8,1KG,,0,2026-06-18T14:40:52Z
woolworths,ww_829357,Spud Lite Prepack Potato,Spud Lite,Fruit & Veg,8.0,8.0,False,0.0,1.5kg,5.33,1KG,,0,2026-06-18T14:40:52Z
woolworths,ww_786152,Kiwi Fruit Green,,Fruit & Veg,6.9,6.9,False,0.0,8 pack,0.86,1EA,,0,2026-06-18T14:40:52Z
woolworths,ww_761414,Envy Apple,Envy,Fruit & Veg,1.31,1.31,False,0.0,each,1.31,1EA,,0,2026-06-18T14:40:52Z
woolworths,ww_296813,Blackberry Blackberries Punnet,Blackberry,Fruit & Veg,4.7,4.7,False,0.0,125g,37.6,1KG,,0,2026-06-18T14:40:52Z
woolworths,ww_180148,Banana Red Tipped,,Fruit & Veg,0.99,0.99,False,0.0,each,0.99,1EA,,0,2026-06-18T14:40:52Z
woolworths,ww_742824,Woolworths Baby Carrots,Woolworths,Fruit & Veg,1.9,1.9,False,0.0,500g,3.8,1KG,,0,2026-06-18T14:40:52Z
woolworths,ww_89466,Woolworths Mushroom Sliced,Woolworths,Fruit & Veg,5.0,7.0,True,28.6,500g,10.0,1KG,,0,2026-06-18T14:40:52Z
woolworths,ww_156015,Woolworths Gold Sweet Potatoes Bag,Woolworths,Fruit & Veg,4.9,4.9,False,0.0,1kg,4.9,1KG,,0,2026-06-18T14:40:52Z
woolworths,ww_144427,Woolworths Brown Onions Bag,Woolworths,Fruit & Veg,4.5,4.5,False,0.0,2kg,2.25,1KG,,0,2026-06-18T14:40:52Z
woolworths,ww_310966,Woolworths Fresh Granny Smith Apples Punnet,Woolworths,Fruit & Veg,6.9,6.9,False,0.0,1kg,6.9,1KG,,0,2026-06-18T14:40:52Z
woolworths,ww_166144,Mini-Roma Tomato Punnet,Mini-Roma,Fruit & Veg,3.0,3.0,False,0.0,250g,12.0,1KG,,0,2026-06-18T14:40:52Z
woolworths,ww_305235,Woolworths Green Asparagus Bunch Green,Woolworths,Fruit & Veg,2.9,2.9,False,0.0,each,2.9,1EA,,0,2026-06-18T14:40:52Z
woolworths,ww_845671,The Odd Bunch Mandarin Prepacked,The Odd Bunch,Fruit & Veg,3.1,3.1,False,0.0,1kg,3.1,1KG,,0,2026-06-18T14:40:52Z
woolworths,ww_124751,Woolworths Red Onions Bag,Woolworths,Fruit & Veg,4.0,4.0,False,0.0,1kg,4.0,1KG,,0,2026-06-18T14:40:52Z
woolworths,ww_594774,Avocado Fresh,Avocado,Fruit & Veg,6.9,6.9,False,0.0,5 pack,1.38,1EA,,0,2026-06-18T14:40:52Z
woolworths,ww_133390,Banana Lady Finger,,Fruit & Veg,1.44,1.44,False,0.0,each,1.44,1EA,,0,2026-06-18T14:40:52Z
woolworths,ww_625158,Bravo Apple Fresh,Bravo,Fruit & Veg,1.03,1.03,False,0.0,each,1.03,1EA,,0,2026-06-18T14:40:52Z
woolworths,ww_137546,Fresh Eggplant,,Fruit & Veg,2.21,2.21,False,0.0,each,2.21,1EA,,0,2026-06-18T14:40:52Z
woolworths,ww_136341,Woolworths Bird's Eye Chilli Hot,Woolworths,Fruit & Veg,0.14,0.14,False,0.0,each,0.14,1EA,,0,2026-06-18T14:40:52Z
woolworths,ww_825869,The Odd Bunch Zucchini Prepacked,The Odd Bunch,Fruit & Veg,2.9,2.9,False,0.0,750g,3.87,1KG,,0,2026-06-18T14:40:52Z
woolworths,ww_591940,Woolworths Sweet & Juicy Mandarins,Woolworths,Fruit & Veg,3.5,3.5,False,0.0,750g,4.67,1KG,,0,2026-06-18T14:40:52Z
woolworths,ww_133621,Woolworths Green Basil Bunch,Woolworths,Fruit & Veg,3.2,3.2,False,0.0,each,3.2,1EA,,0,2026-06-18T14:40:52Z
woolworths,ww_101638,Woolworths Red Washed Potatoes Bag,Woolworths,Fruit & Veg,8.0,8.0,False,0.0,2kg,4.0,1KG,,0,2026-06-18T14:40:52Z
woolworths,ww_196442,Woolworths Tomato Truss Punnet,Woolworths,Fruit & Veg,5.9,5.9,False,0.0,500g,11.8,1KG,,0,2026-06-18T14:40:52Z
woolworths,ww_136510,Woolworths Red Cayenne Chilli,Woolworths,Fruit & Veg,0.6,0.6,False,0.0,each,0.6,1EA,,0,2026-06-18T14:40:52Z
woolworths,ww_310965,Woolworths Packham Pear Punnet,Woolworths,Fruit & Veg,3.5,3.5,False,0.0,1kg,3.5,1KG,,0,2026-06-18T14:40:52Z
woolworths,ww_149963,Woolworths Mushrooms Cups Punnet,Woolworths,Fruit & Veg,5.0,7.0,True,28.6,500g,10.0,1KG,,0,2026-06-18T14:40:52Z
woolworths,ww_392138,Tassal Cooked Aussie Tiger Prawns,Tassal,Meat & Seafood,16.0,16.0,False,0.0,475g,33.68,1KG,,0,2026-06-18T14:40:52Z
woolworths,ww_630332,Tassal Atlantic Salmon Skin On,Tassal,Meat & Seafood,19.0,19.0,False,0.0,300g,63.33,1KG,,0,2026-06-18T14:40:52Z
woolworths,ww_630331,Tassal Atlantic Salmon Skin Off,Tassal,Meat & Seafood,20.0,20.0,False,0.0,300g,66.67,1KG,,0,2026-06-18T14:40:52Z
woolworths,ww_176620,Tassal Salmon Mustard & Dill,Tassal,Meat & Seafood,19.0,19.0,False,0.0,300g,63.33,1KG,,0,2026-06-18T14:40:52Z
woolworths,ww_666237,Chicken Sandwich Chicken Sandwich Schnitzel,Chicken Sandwich,Meat & Seafood,1.4,2.8,True,50.0,each,1.4,1EA,,0,2026-06-18T14:40:52Z
woolworths,ww_71841,D'Orsogna Shortcut Bacon From the Deli,D'Orsogna,Meat & Seafood,10.5,21.0,True,50.0,per 125g,10.5,1KG,,0,2026-06-18T14:40:52Z
woolworths,ww_577860,Woolworths Heart Smart Extra Lean Beef Mince,Woolworths,Meat & Seafood,12.0,12.0,False,0.0,500g,24.0,1KG,,0,2026-06-18T14:40:52Z
woolworths,ww_710953,Woolworths RSPCA Approved Chicken Breast Fillet,Woolworths,Meat & Seafood,12.0,12.0,False,0.0,per 350g,12.0,1KG,,0,2026-06-18T14:40:52Z
woolworths,ww_577862,Woolworths Lean Beef Mince,Woolworths,Meat & Seafood,19.35,19.35,False,0.0,1kg,19.35,1KG,,0,2026-06-18T14:40:52Z
woolworths,ww_77038,Woolworths RSPCA Approved Chicken Thigh Fillet,Woolworths,Meat & Seafood,15.5,15.5,False,0.0,per 150g,15.5,1KG,,0,2026-06-18T14:40:52Z
woolworths,ww_846996,Tassal Hot Smoked Salmon Peppercorn,Tassal,Meat & Seafood,11.5,11.5,False,0.0,150g,76.67,1KG,,0,2026-06-18T14:40:52Z
woolworths,ww_847049,Tassal Smoked Salmon,Tassal,Meat & Seafood,15.0,15.0,False,0.0,150g,100.0,1KG,,0,2026-06-18T14:40:52Z
woolworths,ww_6074133,Luv-A-Duck Peking Duck Legs,Luv-A-Duck,Meat & Seafood,10.0,10.0,False,0.0,650g,15.38,1KG,,0,2026-06-18T14:40:52Z
woolworths,ww_29637,Tassal Premium Tasmanian Smoked Salmon Slices,Tassal,Meat & Seafood,11.5,11.5,False,0.0,100g,115.0,1KG,,0,2026-06-18T14:40:52Z
woolworths,ww_577861,Woolworths Lean Beef Mince,Woolworths,Meat & Seafood,11.0,11.0,False,0.0,500g,22.0,1KG,,0,2026-06-18T14:40:52Z
woolworths,ww_129693,D'Orsogna Champagne Leg Ham Shaved From The Deli,D'Orsogna,Meat & Seafood,24.0,24.0,False,0.0,per 100g,24.0,1KG,,0,2026-06-18T14:40:52Z
woolworths,ww_714680,Hans Middle Bacon Rashers From the Deli,Hans,Meat & Seafood,19.0,19.0,False,0.0,per 170g,19.0,1KG,,0,2026-06-18T14:40:52Z
woolworths,ww_239598,Woolworths Pork & Beef Mince,Woolworths,Meat & Seafood,7.0,7.0,False,0.0,500g,14.0,1KG,,0,2026-06-18T14:40:52Z
woolworths,ww_130276,Leg Ham Shaved From The Deli,,Meat & Seafood,19.9,19.9,False,0.0,per 100g,19.9,1KG,,0,2026-06-18T14:40:52Z
woolworths,ww_175734,D'Orsogna Ham Leg Triple Smoked 97% Fat Free Shaved From The Deli,D'Orsogna,Meat & Seafood,28.0,28.0,False,0.0,per 100g,28.0,1KG,,0,2026-06-18T14:40:52Z
woolworths,ww_969723,Woolworths RSPCA Approved Chicken Breast Fillet,Woolworths,Meat & Seafood,18.7,18.7,False,0.0,1.3kg - 1.7kg,11.0,1KG,,0,2026-06-18T14:40:52Z
woolworths,ww_95171,Woolworths Fresh Tasmanian Atlantic Skin On Salmon Fillets,Woolworths,Meat & Seafood,38.0,38.0,False,0.0,per 200g,38.0,1KG,,0,2026-06-18T14:40:52Z
woolworths,ww_746376,D'Orsogna Streaky Bacon From The Deli,D'Orsogna,Meat & Seafood,23.0,23.0,False,0.0,per 110g,23.0,1KG,,0,2026-06-18T14:40:52Z
woolworths,ww_901719,Market Value 26 Thin BBQ Sausages,Market Value,Meat & Seafood,11.0,11.0,False,0.0,1.8kg,6.11,1KG,,0,2026-06-18T14:40:52Z
woolworths,ww_103449,D'Orsogna Honey Ham Shaved From The Deli,D'Orsogna,Meat & Seafood,28.0,28.0,False,0.0,per 100g,28.0,1KG,,0,2026-06-18T14:40:52Z
woolworths,ww_764859,Macro Free Range Chicken Thigh Fillet,Macro,Meat & Seafood,18.7,18.7,False,0.0,800g - 1.1kg,17.0,1KG,,0,2026-06-18T14:40:52Z
woolworths,ww_901649,Woolworths 10 Beef Sausages,Woolworths,Meat & Seafood,6.5,6.5,False,0.0,550g,11.82,1KG,,0,2026-06-18T14:40:52Z
woolworths,ww_675632,Woolworths Beef Chuck Steak Medium,Woolworths,Meat & Seafood,16.0,16.0,False,0.0,380g - 800g,20.0,1KG,,0,2026-06-18T14:40:52Z
woolworths,ww_119259,Woolworths RSPCA Approved Chicken Breast Fillet Skinless Small,Woolworths,Meat & Seafood,9.43,9.43,False,0.0,500g - 650g,14.5,1KG,,0,2026-06-18T14:40:52Z
woolworths,ww_700228,Macro Chicken Breast Fillets Free Range,Macro,Meat & Seafood,19.6,19.6,False,0.0,700g - 1.4kg,14.0,1KG,,0,2026-06-18T14:40:52Z
woolworths,ww_6044171,Woolworths Lean Beef Strips,Woolworths,Meat & Seafood,12.0,12.0,False,0.0,500g,24.0,1KG,,0,2026-06-18T14:40:52Z
woolworths,ww_785788,Moira Mac's Roasted Chicken Breast Shredded From The Deli,Moira Mac's,Meat & Seafood,30.15,30.15,False,0.0,per 100g,30.15,1KG,,0,2026-06-18T14:40:52Z
woolworths,ww_114261,Woolworths RSPCA Approved Chicken Breast Diced,Woolworths,Meat & Seafood,15.5,15.5,False,0.0,1kg,15.5,1KG,,0,2026-06-18T14:40:52Z
woolworths,ww_243050,Woolworths Beef Porterhouse Steak & Butter,Woolworths,Meat & Seafood,18.0,18.0,False,0.0,400g,45.0,1KG,,0,2026-06-18T14:40:52Z
woolworths,ww_769243,Woolworths Chicken Garlic Kyiv From The Deli,Woolworths,Meat & Seafood,3.0,3.0,False,0.0,each,3.0,1EA,,0,2026-06-18T14:40:52Z
woolworths,ww_353754,Woolworths RSPCA Approved Chicken Breast Diced,Woolworths,Meat & Seafood,9.0,9.0,False,0.0,500g,18.0,1KG,,0,2026-06-18T14:40:52Z
woolworths,ww_353946,Bertocchi Premium Boneless Leg Ham Shaved From The Deli,Bertocchi,Meat & Seafood,35.0,35.0,False,0.0,per 100g,35.0,1KG,,0,2026-06-18T14:40:52Z
woolworths,ww_582608,Woolworths Lean Pork Mince,Woolworths,Meat & Seafood,7.5,7.5,False,0.0,500g,15.0,1KG,,0,2026-06-18T14:40:52Z
woolworths,ww_236846,Woolworths Beef Rump Steak,Woolworths,Meat & Seafood,9.0,9.0,False,0.0,250g,36.0,1KG,,0,2026-06-18T14:40:52Z
woolworths,ww_317293,Woolworths Beef Scotch Fillet Steak,Woolworths,Meat & Seafood,9.0,9.0,False,0.0,170g,52.94,1KG,,0,2026-06-18T14:40:52Z
woolworths,ww_727622,Woolworths RSPCA Approved Chicken Thigh Fillets Skinless Tray,Woolworths,Meat & Seafood,24.65,24.65,False,0.0,1.3kg - 1.7kg,14.5,1KG,,0,2026-06-18T14:40:52Z
woolworths,ww_937258,D'Orsogna Premium Ham Off The Bone Shaved From The Deli,D'Orsogna,Meat & Seafood,29.0,35.0,True,17.1,per 100g,29.0,1KG,,0,2026-06-18T14:40:52Z
woolworths,ww_509865,Woolworths Short Cut Bacon,Woolworths,Meat & Seafood,3.8,3.8,False,0.0,200g,19.0,1KG,,0,2026-06-18T14:40:52Z
woolworths,ww_169853,Woolworths Pork Mince,Woolworths,Meat & Seafood,9.5,9.5,False,0.0,800g,11.88,1KG,,0,2026-06-18T14:40:52Z
woolworths,ww_846995,Tassal Hot Smoked Salmon Natural,Tassal,Meat & Seafood,11.5,11.5,False,0.0,150g,76.67,1KG,,0,2026-06-18T14:40:52Z
woolworths,ww_847118,Tassal Smoked Salmon,Tassal,Meat & Seafood,16.0,21.0,True,23.8,250g,64.0,1KG,,0,2026-06-18T14:40:52Z
woolworths,ww_227128,Tassal Fresh Tassie Salmon Side Skin On,Tassal,Meat & Seafood,23.5,23.5,False,0.0,500g,47.0,1KG,,0,2026-06-18T14:40:52Z
woolworths,ww_846997,Superior Gold Salmon Smoked,Superior Gold,Meat & Seafood,14.0,18.0,True,22.2,180g,77.78,1KG,,0,2026-06-18T14:40:52Z
woolworths,ww_55375,Woolworths Shortcut Bacon,Woolworths,Meat & Seafood,12.5,12.5,False,0.0,1kg,12.5,1KG,,0,2026-06-18T14:40:52Z
woolworths,ww_158634,Woolworths Honey Soy Wings with RSPCA Approved Chicken,Woolworths,Meat & Seafood,9.0,9.0,False,0.0,per 120g,9.0,1KG,,0,2026-06-18T14:40:52Z
woolworths,ww_310742,Ingham's Turkey Mince,Ingham's,Meat & Seafood,7.0,7.0,False,0.0,500g,14.0,1KG,,0,2026-06-18T14:40:52Z
woolworths,ww_27316,Ingham's Turkey Breast Shaved From The Deli,Ingham's,Meat & Seafood,30.0,30.0,False,0.0,per 100g,30.0,1KG,,0,2026-06-18T14:40:52Z
woolworths,ww_71860,D'Orsogna Diced Bacon From the Deli,D'Orsogna,Meat & Seafood,20.0,20.0,False,0.0,per 100g,20.0,1KG,,0,2026-06-18T14:40:52Z
woolworths,ww_6044173,Woolworths Chunky Diced Lean Beef,Woolworths,Meat & Seafood,10.5,12.0,True,12.5,500g,21.0,1KG,,0,2026-06-18T14:40:52Z
woolworths,ww_345337,Tassal Salmon For Cooking,Tassal,Meat & Seafood,11.5,11.5,False,0.0,200g,57.5,1KG,,0,2026-06-18T14:40:52Z
woolworths,ww_6074234,Luv-A-Duck Thai Red Duck Curry,Luv-A-Duck,Meat & Seafood,12.0,16.5,True,27.3,470g,25.53,1KG,,0,2026-06-18T14:40:52Z
woolworths,ww_351196,Chicken Schnitzel Crumbed From The Deli,,Meat & Seafood,3.0,3.0,False,0.0,each,3.0,1EA,,0,2026-06-18T14:40:52Z
woolworths,ww_686853,Woolworths Beef Sizzle Steak,Woolworths,Meat & Seafood,13.0,13.0,False,0.0,400g,32.5,1KG,,0,2026-06-18T14:40:52Z
woolworths,ww_48527,Hans Devon Sliced From The Deli,Hans,Meat & Seafood,9.5,9.5,False,0.0,per 100g,9.5,1KG,,0,2026-06-18T14:40:52Z
woolworths,ww_354118,Woolworths RSPCA Approved Chicken Thigh Cutlets,Woolworths,Meat & Seafood,8.0,8.0,False,0.0,per 180g,8.0,1KG,,0,2026-06-18T14:40:52Z
woolworths,ww_741794,Don Cocktail Frankfurts From The Deli,Don,Meat & Seafood,9.5,9.5,False,0.0,per 100g,9.5,1KG,,0,2026-06-18T14:40:52Z
woolworths,ww_321099,Woolworths RSPCA Approved Chicken Mince,Woolworths,Meat & Seafood,10.5,10.5,False,0.0,1kg,10.5,1KG,,0,2026-06-18T14:40:52Z
woolworths,ww_826675,Steggles Family Roast Whole Chicken,Steggles,Meat & Seafood,17.5,17.5,False,0.0,1.8kg - 2.5kg,7.0,1KG,,0,2026-06-18T14:40:52Z
woolworths,ww_675315,Woolworths Beef Eye Fillet Steak,Woolworths,Meat & Seafood,30.0,30.0,False,0.0,200g - 500g,60.0,1KG,,0,2026-06-18T14:40:52Z
woolworths,ww_59755,Ingham's Oven Roasted Turkey Breast Sliced From The Deli,Ingham's,Meat & Seafood,30.0,30.0,False,0.0,per 100g,30.0,1KG,,0,2026-06-18T14:40:52Z
woolworths,ww_48358,Woolworths Middle Bacon Middle Rashers,Woolworths,Meat & Seafood,12.5,12.5,False,0.0,1kg,12.5,1KG,,0,2026-06-18T14:40:52Z
woolworths,ww_582607,Woolworths Lamb Mince,Woolworths,Meat & Seafood,9.0,9.0,False,0.0,500g,18.0,1KG,,0,2026-06-18T14:40:52Z
woolworths,ww_868940,Woolworths Lamb Shanks,Woolworths,Meat & Seafood,13.3,13.3,False,0.0,500g - 950g,14.0,1KG,,0,2026-06-18T14:40:52Z
woolworths,ww_109099,Woolworths Beef Sausage Mince,Woolworths,Meat & Seafood,5.5,5.5,False,0.0,500g,11.0,1KG,,0,2026-06-18T14:40:52Z
woolworths,ww_55374,Woolworths Shortcut Bacon,Woolworths,Meat & Seafood,7.5,7.5,False,0.0,500g,15.0,1KG,,0,2026-06-18T14:40:52Z
woolworths,ww_141203,Woolworths Beef Chuck Large,Woolworths,Meat & Seafood,30.0,30.0,False,0.0,650g - 1.5kg,20.0,1KG,,0,2026-06-18T14:40:52Z
woolworths,ww_700279,Macro Chicken Tenderloins Free Range,Macro,Meat & Seafood,13.98,13.98,False,0.0,450g - 650g,21.5,1KG,,0,2026-06-18T14:40:52Z
woolworths,ww_741872,Don Thin Frankfurts From The Deli,Don,Meat & Seafood,9.5,9.5,False,0.0,per 130g,9.5,1KG,,0,2026-06-18T14:40:52Z
woolworths,ww_23208,Woolworths RSPCA Approved Chicken Drumsticks,Woolworths,Meat & Seafood,4.8,4.8,False,0.0,per 150g,4.8,1KG,,0,2026-06-18T14:40:52Z
woolworths,ww_929865,Don Shredded Ham From The Deli,Don,Meat & Seafood,22.0,22.0,False,0.0,per 100g,22.0,1KG,,0,2026-06-18T14:40:52Z
woolworths,ww_675483,Woolworths Diced Beef Casserole,Woolworths,Meat & Seafood,10.0,10.0,False,0.0,500g,20.0,1KG,,0,2026-06-18T14:40:52Z
woolworths,ww_148345,Woolworths Corned Beef Silverside,Woolworths,Meat & Seafood,28.75,28.75,False,0.0,1kg - 2.5kg,11.5,1KG,,0,2026-06-18T14:40:52Z
woolworths,ww_30936,Ingham's Chicken Sliced From The Deli,Ingham's,Meat & Seafood,16.5,16.5,False,0.0,per 100g,16.5,1KG,,0,2026-06-18T14:40:52Z
woolworths,ww_901506,Woolworths 10 Honey Beef Sausages,Woolworths,Meat & Seafood,6.5,6.5,False,0.0,550g,11.82,1KG,,0,2026-06-18T14:40:52Z
woolworths,ww_6001529,Don Melosi Leg Ham Shaved From The Deli,Don Melosi,Meat & Seafood,24.0,32.5,True,26.2,per 100g,24.0,1KG,,0,2026-06-18T14:40:52Z
woolworths,ww_901505,Woolworths 10 Herb & Garlic Beef Sausages,Woolworths,Meat & Seafood,6.5,6.5,False,0.0,550g,11.82,1KG,,0,2026-06-18T14:40:52Z
woolworths,ww_268603,Woolworths RSPCA Approved Chicken Whole,Woolworths,Meat & Seafood,9.9,11.0,True,10.0,1.8kg - 2.2kg,4.5,1KG,,0,2026-06-18T14:40:52Z
woolworths,ww_742211,Woolworths RSPCA Approved Chicken Kebab Honey Soy,Woolworths,Meat & Seafood,1.0,1.4,True,28.6,each,1.0,1EA,,0,2026-06-18T14:40:52Z
woolworths,ww_134041,Woolworths Chicken Schnitzels,Woolworths,Meat & Seafood,9.0,9.0,False,0.0,600g,15.0,1KG,,0,2026-06-18T14:40:52Z
woolworths,ww_114253,Woolworths RSPCA Approved Chicken Breast Schnitzels,Woolworths,Meat & Seafood,10.5,10.5,False,0.0,500g,21.0,1KG,,0,2026-06-18T14:40:52Z
woolworths,ww_392138,Tassal Cooked Aussie Tiger Prawns,Tassal,Meat & Seafood,16.0,16.0,False,0.0,475g,33.68,1KG,,0,2026-06-18T14:40:52Z
woolworths,ww_630332,Tassal Atlantic Salmon Skin On,Tassal,Meat & Seafood,19.0,19.0,False,0.0,300g,63.33,1KG,,0,2026-06-18T14:40:52Z
woolworths,ww_630331,Tassal Atlantic Salmon Skin Off,Tassal,Meat & Seafood,20.0,20.0,False,0.0,300g,66.67,1KG,,0,2026-06-18T14:40:52Z
woolworths,ww_176620,Tassal Salmon Mustard & Dill,Tassal,Meat & Seafood,19.0,19.0,False,0.0,300g,63.33,1KG,,0,2026-06-18T14:40:52Z
woolworths,ww_317294,Woolworths Beef Porterhouse Steak,Woolworths,Meat & Seafood,9.0,9.0,False,0.0,180g,50.0,1KG,,0,2026-06-18T14:40:52Z
woolworths,ww_321551,Macro Organic Extra Lean Beef Mince,Macro,Meat & Seafood,15.5,15.5,False,0.0,500g,31.0,1KG,,0,2026-06-18T14:40:52Z
woolworths,ww_901703,Woolworths 4 Angus Quarter Pound Beef Burgers,Woolworths,Meat & Seafood,9.0,9.0,False,0.0,454g,19.82,1KG,,0,2026-06-18T14:40:52Z
woolworths,ww_2841,Woolworths RSPCA Approved Chicken Stirfry,Woolworths,Meat & Seafood,8.75,8.75,False,0.0,500g,17.5,1KG,,0,2026-06-18T14:40:52Z
woolworths,ww_67486,Don Melosi Double Smoked Ham Shaved From The Deli,Don,Meat & Seafood,34.0,34.0,False,0.0,per 100g,34.0,1KG,,0,2026-06-18T14:40:52Z
woolworths,ww_675318,Woolworths Beef Rump Steak Medium,Woolworths,Meat & Seafood,21.75,21.75,False,0.0,270g - 750g,29.0,1KG,,0,2026-06-18T14:40:52Z
woolworths,ww_846996,Tassal Hot Smoked Salmon Peppercorn,Tassal,Meat & Seafood,11.5,11.5,False,0.0,150g,76.67,1KG,,0,2026-06-18T14:40:52Z
woolworths,ww_847049,Tassal Smoked Salmon,Tassal,Meat & Seafood,15.0,15.0,False,0.0,150g,100.0,1KG,,0,2026-06-18T14:40:52Z
woolworths,ww_6074133,Luv-A-Duck Peking Duck Legs,Luv-A-Duck,Meat & Seafood,10.0,10.0,False,0.0,650g,15.38,1KG,,0,2026-06-18T14:40:52Z
woolworths,ww_29637,Tassal Premium Tasmanian Smoked Salmon Slices,Tassal,Meat & Seafood,11.5,11.5,False,0.0,100g,115.0,1KG,,0,2026-06-18T14:40:52Z
woolworths,ww_666557,Woolworths Heart Smart Extra Lean Pork Mince,Woolworths,Meat & Seafood,8.0,8.0,False,0.0,500g,16.0,1KG,,0,2026-06-18T14:40:52Z
woolworths,ww_184628,Macro Chicken Breast Fillets Free Range,Macro,Meat & Seafood,16.2,16.2,False,0.0,400g - 900g,18.0,1KG,,0,2026-06-18T14:40:52Z
woolworths,ww_157054,Woolworths Salmon Portions Skin On,Woolworths,Meat & Seafood,17.5,17.5,False,0.0,4 pack,38.04,1KG,,0,2026-06-18T14:40:52Z
woolworths,ww_6041771,Woolworths Silverside Corned Beef Sliced From The Deli,Woolworths,Meat & Seafood,28.0,28.0,False,0.0,per 100g,28.0,1KG,,0,2026-06-18T14:40:52Z
woolworths,ww_6022457,Woolworths Australian Beef Rump Steak Medallions,Woolworths,Meat & Seafood,15.0,15.0,False,0.0,340g,44.12,1KG,,0,2026-06-18T14:40:52Z
woolworths,ww_672975,Macro Organic Lean Beef Mince,Macro,Meat & Seafood,13.0,14.5,True,10.3,500g,26.0,1KG,,0,2026-06-18T14:40:52Z
woolworths,ww_114258,Woolworths RSPCA Approved Chicken Tenderloins,Woolworths,Meat & Seafood,10.0,11.0,True,9.1,600g,16.67,1KG,,0,2026-06-18T14:40:52Z
woolworths,ww_175569,Macro Grass Fed Australian Stir-Fry Beef,Macro,Meat & Seafood,13.0,13.0,False,0.0,500g,26.0,1KG,,0,2026-06-18T14:40:52Z
woolworths,ww_763087,D'Orsogna Bacon Streaky,D'Orsogna,Meat & Seafood,8.4,8.4,False,0.0,200g,42.0,1KG,,0,2026-06-18T14:40:52Z
woolworths,ww_285093,Macro Grass Fed Beef Rump Steak,Macro,Meat & Seafood,12.5,12.5,False,0.0,300g,41.67,1KG,,0,2026-06-18T14:40:52Z
woolworths,ww_477866,Bertocchi Smoked Pork Bones,Bertocchi,Meat & Seafood,13.5,13.5,False,0.0,per 100g,13.5,1KG,,0,2026-06-18T14:40:52Z
woolworths,ww_260669,Woolworths Angus Beef & Caramelised Onion Sausages,Woolworths,Meat & Seafood,9.0,9.0,False,0.0,450g,20.0,1KG,,0,2026-06-18T14:40:52Z
woolworths,ww_827609,Woolworths Lamb Leg Steak,Woolworths,Meat & Seafood,15.0,18.0,True,16.7,540g,27.78,1KG,,0,2026-06-18T14:40:52Z
woolworths,ww_907241,Woolworths 12 Chicken Kebabs Honey Soy,Woolworths,Meat & Seafood,12.0,12.0,False,0.0,750g,16.0,1KG,,0,2026-06-18T14:40:52Z
woolworths,ww_6047034,Woolworths Roast Beef Shaved From The Deli,Woolworths,Meat & Seafood,35.5,38.0,True,6.6,per 100g,35.5,1KG,,0,2026-06-18T14:40:52Z
woolworths,ww_184649,Macro Chicken Thigh Fillets Free Range,Macro,Meat & Seafood,11.0,11.0,False,0.0,450g - 550g,20.0,1KG,,0,2026-06-18T14:40:52Z
woolworths,ww_119318,Woolworths RSPCA Approved Chicken Thigh Skinless Fillets Small,Woolworths,Meat & Seafood,13.5,13.5,False,0.0,500g - 750g,18.0,1KG,,0,2026-06-18T14:40:52Z
woolworths,ww_675492,Woolworths Scotch Fillet Pork,Woolworths,Meat & Seafood,10.0,12.0,True,16.7,600g,16.67,1KG,,0,2026-06-18T14:40:52Z
woolworths,ww_54241,Woolworths BBQ Beef Steaks With Black Pepper,Woolworths,Meat & Seafood,8.0,8.0,False,0.0,300g,26.67,1KG,,0,2026-06-18T14:40:52Z
woolworths,ww_6046970,Woolworths Silverside Corned Beef Shaved From The Deli,Woolworths,Meat & Seafood,28.0,28.0,False,0.0,per 100g,28.0,1KG,,0,2026-06-18T14:40:52Z
woolworths,ww_11303,Moira Mac's Marinated BBQ Chicken Breast Sliced From The Deli,Moira Mac's,Meat & Seafood,30.15,30.15,False,0.0,per 100g,30.15,1KG,,0,2026-06-18T14:40:52Z
woolworths,ww_268605,Woolworths RSPCA Approved Chicken Drumsticks,Woolworths,Meat & Seafood,8.0,8.0,False,0.0,2kg,4.0,1KG,,0,2026-06-18T14:40:52Z
woolworths,ww_357418,Woolworths Classic Angus Beef Sausages,Woolworths,Meat & Seafood,9.0,9.0,False,0.0,6 pack,20.0,1KG,,0,2026-06-18T14:40:52Z
woolworths,ww_6040154,Woolworths Roast Beef Sliced From The Deli,Woolworths,Meat & Seafood,35.5,38.0,True,6.6,per 100g,35.5,1KG,,0,2026-06-18T14:40:52Z
woolworths,ww_764968,Woolworths Lamb Leg Roast,Woolworths,Meat & Seafood,39.6,39.6,False,0.0,750g - 2.2kg,18.0,1KG,,0,2026-06-18T14:40:52Z
woolworths,ww_134032,Woolworths Creamy Garlic Stuffed Boneless Chicken Kyiv,Woolworths,Meat & Seafood,7.0,8.0,True,12.5,700g,10.0,1KG,,0,2026-06-18T14:40:52Z
woolworths,ww_901682,Woolworths 10 Chicken Sausages,Woolworths,Meat & Seafood,6.5,6.5,False,0.0,550g,11.82,1KG,,0,2026-06-18T14:40:52Z
woolworths,ww_176564,D'Orsogna Shortcut Bacon,D'Orsogna,Meat & Seafood,22.0,22.0,False,0.0,1kg,22.0,1KG,,0,2026-06-18T14:40:52Z
woolworths,ww_178137,Peppercorn Extra Lean Beef Burger 6 Pack,Peppercorn,Meat & Seafood,10.0,11.5,True,13.0,500g,20.0,1KG,,0,2026-06-18T14:40:52Z
woolworths,ww_157055,Woolworths Salmon Portions Skin Off,Woolworths,Meat & Seafood,19.0,19.0,False,0.0,4 pack,41.3,1KG,,0,2026-06-18T14:40:52Z
woolworths,ww_769558,Bega Tasty Cheese Slices Slices,Bega,Dairy & Eggs,10.7,11.8,True,9.3,500g,21.4,1KG,,0,2026-06-18T14:40:52Z
woolworths,ww_706239,Ultimate Yoghurt Juicy Strawberry,Ultimate,Dairy & Eggs,6.0,6.0,False,0.0,115g x 4 pack,1.3,100G,,0,2026-06-18T14:40:52Z
woolworths,ww_620882,Chris' Traditional French Onion,Chris',Dairy & Eggs,4.5,4.5,False,0.0,200g,2.25,100G,,0,2026-06-18T14:40:52Z
woolworths,ww_6059945,Muscle Nation Protein Yoghurt Pouch Banoffee,Muscle Nation,Dairy & Eggs,3.0,3.0,False,0.0,150g,2.0,100G,,0,2026-06-18T14:40:52Z
woolworths,ww_888140,Woolworths Full Cream Milk,Woolworths,Dairy & Eggs,5.15,5.15,False,0.0,3L,1.72,1L,,0,2026-06-18T14:40:52Z
woolworths,ww_748595,Woolworths Full Cream Long Life Milk UHT,Woolworths,Dairy & Eggs,1.85,1.85,False,0.0,1L,1.85,1L,,0,2026-06-18T14:40:52Z
woolworths,ww_888137,Woolworths Full Cream Milk,Woolworths,Dairy & Eggs,3.55,3.55,False,0.0,2L,1.78,1L,,0,2026-06-18T14:40:52Z
woolworths,ww_48720,Woolworths Thickened Cream,Woolworths,Dairy & Eggs,5.2,5.2,False,0.0,600mL,0.87,100ML,,0,2026-06-18T14:40:52Z
woolworths,ww_105609,Woolworths Sour Cream,Woolworths,Dairy & Eggs,3.3,3.3,False,0.0,300mL,1.1,100ML,,0,2026-06-18T14:40:52Z
woolworths,ww_799813,Woolworths Free From Lactose Lite Long Life Milk UHT,Woolworths,Dairy & Eggs,2.1,2.1,False,0.0,1L,2.1,1L,,0,2026-06-18T14:40:52Z
woolworths,ww_769459,Perfect Italiano Grated 4 Cheese Melt,Perfect Italiano,Dairy & Eggs,10.2,10.2,False,0.0,450g,22.67,1KG,,0,2026-06-18T14:40:52Z
woolworths,ww_741994,Ultimate Yoghurt Golden Honey,Ultimate,Dairy & Eggs,6.0,6.0,False,0.0,115g x 4 pack,1.3,100G,,0,2026-06-18T14:40:52Z
woolworths,ww_6050494,Woolworths Beef Lasagne,Woolworths,Dairy & Eggs,25.0,25.0,False,0.0,1.5kg,1.67,100G,,0,2026-06-18T14:40:52Z
woolworths,ww_253798,Yoplait Vanilla Yoghurt,Yoplait,Dairy & Eggs,5.2,5.2,False,0.0,1kg,0.52,100G,,0,2026-06-18T14:40:52Z
woolworths,ww_44317,Woolworths Thickened Cream,Woolworths,Dairy & Eggs,3.4,3.4,False,0.0,300mL,1.13,100ML,,0,2026-06-18T14:40:52Z
woolworths,ww_33557,Devondale 100% Pure Full Cream Long Life Milk UHT,Devondale,Dairy & Eggs,2.2,2.2,False,0.0,1L,2.2,1L,,0,2026-06-18T14:40:52Z
woolworths,ww_771258,Rokeby Protein Smoothie Dutch Chocolate,Rokeby,Dairy & Eggs,4.65,4.65,False,0.0,425mL,10.94,1L,,0,2026-06-18T14:40:52Z
woolworths,ww_48650,Woolworths Salted Butter,Woolworths,Dairy & Eggs,7.0,7.0,False,0.0,500g,1.4,100G,,0,2026-06-18T14:40:52Z
woolworths,ww_688962,Essentials Unsalted Butter,Essentials,Dairy & Eggs,7.0,7.0,False,0.0,500g,1.4,100G,,0,2026-06-18T14:40:52Z
woolworths,ww_77170,Sunny Queen 12 Extra Large Free Range Eggs,Sunny Queen,Dairy & Eggs,8.8,8.8,False,0.0,700g,1.26,100G,,0,2026-06-18T14:40:52Z
woolworths,ww_6010283,Woolworths Strawberry Yoghurt Pouch Strawberry,Woolworths,Dairy & Eggs,0.8,0.8,False,0.0,70g,1.14,100G,,0,2026-06-18T14:40:52Z
woolworths,ww_6010295,Woolworths Vanilla Yoghurt Pouch Vanilla,Woolworths,Dairy & Eggs,0.8,0.8,False,0.0,70g,1.14,100G,,0,2026-06-18T14:40:52Z
woolworths,ww_69756,Western Star Original Spreadable Butter Blend Tub,Western Star,Dairy & Eggs,8.5,8.5,False,0.0,500g,1.7,100G,,0,2026-06-18T14:40:52Z
woolworths,ww_748597,Woolworths Skim Long Life Milk UHT,Woolworths,Dairy & Eggs,1.85,1.85,False,0.0,1L,1.85,1L,,0,2026-06-18T14:40:52Z
woolworths,ww_491820,Hillview Tasty Shredded Cheese,Hillview,Dairy & Eggs,9.3,9.3,False,0.0,700g,13.29,1KG,,0,2026-06-18T14:40:52Z
woolworths,ww_571487,Woolworths Natural Greek Style Yoghurt,Woolworths,Dairy & Eggs,4.2,4.2,False,0.0,1kg,0.42,100G,,0,2026-06-18T14:40:52Z
woolworths,ww_224941,Woolworths Tasty Cheese Slices,Woolworths,Dairy & Eggs,7.5,7.5,False,0.0,500g,15.0,1KG,,0,2026-06-18T14:40:52Z
woolworths,ww_888139,Woolworths Lite Milk,Woolworths,Dairy & Eggs,3.55,3.55,False,0.0,2L,1.78,1L,,0,2026-06-18T14:40:52Z
woolworths,ww_205663,Woolworths Light Sour Cream,Woolworths,Dairy & Eggs,3.3,3.3,False,0.0,300mL,1.1,100ML,,0,2026-06-18T14:40:52Z
woolworths,ww_799811,Woolworths Free From Lactose Full Cream Long Life Milk UHT,Woolworths,Dairy & Eggs,2.1,2.1,False,0.0,1L,2.1,1L,,0,2026-06-18T14:40:52Z
woolworths,ww_748596,Woolworths Lite Long Life Milk UHT,Woolworths,Dairy & Eggs,1.85,1.85,False,0.0,1L,1.85,1L,,0,2026-06-18T14:40:52Z
woolworths,ww_23038,Macro Firm Tofu,Macro,Dairy & Eggs,2.8,2.8,False,0.0,450g,6.22,1KG,,0,2026-06-18T14:40:52Z
woolworths,ww_452083,Woolworths Greek Style Fetta,Woolworths,Dairy & Eggs,3.2,3.2,False,0.0,200g,16.0,1KG,,0,2026-06-18T14:40:52Z
woolworths,ww_888141,Woolworths Lite Milk,Woolworths,Dairy & Eggs,5.15,5.15,False,0.0,3L,1.72,1L,,0,2026-06-18T14:40:52Z
woolworths,ww_56731,Bonsoy Soy Long Life Milk UHT,Bonsoy,Dairy & Eggs,4.5,4.5,False,0.0,1L,4.5,1L,,0,2026-06-18T14:40:52Z
woolworths,ww_663177,Farmers Union Greek Style Yoghurt Pouch Real Vanilla Bean,Farmers Union,Dairy & Eggs,2.9,2.9,False,0.0,130g,2.23,100G,,0,2026-06-18T14:40:52Z
woolworths,ww_170475,Wicked Sister High Protein Chocolate Pudding,Wicked Sister,Dairy & Eggs,3.3,3.3,False,0.0,170g,1.94,100G,,0,2026-06-18T14:40:52Z
woolworths,ww_6039040,Vaalia Boost Probiotic Yoghurt Pouch Mango Magic,Vaalia,Dairy & Eggs,2.85,2.85,False,0.0,150g,1.9,100G,,0,2026-06-18T14:40:52Z
woolworths,ww_6010159,Woolworths Blueberry Yoghurt Pouch Blueberry,Woolworths,Dairy & Eggs,0.8,0.8,False,0.0,70g,1.14,100G,,0,2026-06-18T14:40:52Z
woolworths,ww_500187,Hillview Cheese Block,Hillview,Dairy & Eggs,9.3,9.3,False,0.0,1kg,9.3,1KG,,0,2026-06-18T14:40:52Z
woolworths,ww_779130,Woolworths Soy Long Life Milk UHT,Woolworths,Dairy & Eggs,1.75,1.75,False,0.0,1L,1.75,1L,,0,2026-06-18T14:40:52Z
woolworths,ww_296507,Woolworths Cream Cheese,Woolworths,Dairy & Eggs,2.6,2.6,False,0.0,250g,10.4,1KG,,0,2026-06-18T14:40:52Z
woolworths,ww_508827,Tamar Valley Dairy Kids Greek Yoghurt Pouch Strawberry,Tamar Valley,Dairy & Eggs,2.55,2.55,False,0.0,110g,2.32,100G,,0,2026-06-18T14:40:52Z
woolworths,ww_43562,Pauls Custard Vanilla Custard,Pauls,Dairy & Eggs,5.5,5.5,False,0.0,1kg,0.55,100G,,0,2026-06-18T14:40:52Z
woolworths,ww_717672,Yoplait Classic Yoghurt Punnets Punnets,Yoplait,Dairy & Eggs,9.4,9.4,False,0.0,100g x 12 pack,0.78,100G,,0,2026-06-18T14:40:52Z
woolworths,ww_6001736,Dairyworks Grated Mozzarella Cheese,Dairyworks,Dairy & Eggs,7.5,7.5,False,0.0,500g,15.0,1KG,,0,2026-06-18T14:40:52Z
woolworths,ww_85587,Woolworths Shredded Parmesan Cheese,Woolworths,Dairy & Eggs,5.7,5.7,False,0.0,250g,22.8,1KG,,0,2026-06-18T14:40:52Z
woolworths,ww_686461,Farmers Union Greek Style Yoghurt Pouch Strawberry,Farmers Union,Dairy & Eggs,2.9,2.9,False,0.0,130g,2.23,100G,,0,2026-06-18T14:40:52Z
woolworths,ww_258746,Bulla Cooking Cream,Bulla,Dairy & Eggs,4.1,4.1,False,0.0,300mL,1.37,100ML,,0,2026-06-18T14:40:52Z
woolworths,ww_744490,Sanitarium So Good Unsweetened Almond Long Life Milk UHT,Sanitarium,Dairy & Eggs,3.0,3.0,False,0.0,1L,3.0,1L,,0,2026-06-18T14:40:52Z
woolworths,ww_331448,Vaalia Kids Probiotic Yoghurt Pouch Strawberry,Vaalia,Dairy & Eggs,2.55,2.55,False,0.0,140g,1.82,100G,,0,2026-06-18T14:40:52Z
woolworths,ww_771267,Rokeby Protein Smoothie Double Espresso,Rokeby,Dairy & Eggs,4.65,4.65,False,0.0,425mL,10.94,1L,,0,2026-06-18T14:40:52Z
woolworths,ww_199420,Western Star Spreadable Butter Blend Tub Supersoft,Western Star,Dairy & Eggs,8.5,8.5,False,0.0,500g,1.7,100G,,0,2026-06-18T14:40:52Z
woolworths,ww_263854,Chris' Dips Corn Relish,Chris',Dairy & Eggs,4.5,4.5,False,0.0,200g,2.25,100G,,0,2026-06-18T14:40:52Z
woolworths,ww_6060445,Muscle Nation Protein Yoghurt Pouch Lemon Cheesecake,Muscle Nation,Dairy & Eggs,3.0,3.0,False,0.0,150g,2.0,100G,,0,2026-06-18T14:40:52Z
woolworths,ww_513469,Pauls Plus+ Protein Low Fat Milk,Pauls,Dairy & Eggs,5.6,5.6,False,0.0,2L,2.8,1L,,0,2026-06-18T14:40:52Z
woolworths,ww_508826,Tamar Valley Dairy Kids Greek Yoghurt Pouch Vanilla,Tamar Valley,Dairy & Eggs,2.55,2.55,False,0.0,110g,2.32,100G,,0,2026-06-18T14:40:52Z
woolworths,ww_838737,Woolworths Light Thickened Cream,Woolworths,Dairy & Eggs,3.4,3.4,False,0.0,300mL,1.13,100ML,,0,2026-06-18T14:40:52Z
woolworths,ww_771237,Sunny Queen 18 Large Free Range Eggs,Sunny Queen,Dairy & Eggs,12.7,12.7,False,0.0,900g,1.41,100G,,0,2026-06-18T14:40:52Z
woolworths,ww_780717,Woolworths Creamed Cottage Cheese,Woolworths,Dairy & Eggs,6.0,6.0,False,0.0,500g,12.0,1KG,,0,2026-06-18T14:40:52Z
woolworths,ww_124806,Tamar Valley Dairy Kids Greek Yoghurt Pouch Banana,Tamar Valley,Dairy & Eggs,2.55,2.55,False,0.0,110g,2.32,100G,,0,2026-06-18T14:40:52Z
woolworths,ww_779134,Woolworths Unsweetened Almond Long Life Milk UHT,Woolworths,Dairy & Eggs,1.85,1.85,False,0.0,1L,1.85,1L,,0,2026-06-18T14:40:52Z
woolworths,ww_660435,Tamar Valley Dairy Kids Greek Yoghurt Pouch Blueberry,Tamar Valley,Dairy & Eggs,2.55,2.55,False,0.0,110g,2.32,100G,,0,2026-06-18T14:40:52Z
woolworths,ww_88436,Dairy Farmers Full Cream Milk Full Cream Milk,Dairy Farmers,Dairy & Eggs,4.65,4.95,True,6.1,2L,2.33,1L,,0,2026-06-18T14:40:52Z
woolworths,ww_24318,Sanitarium So Good Soy Regular Long Life Milk UHT,Sanitarium,Dairy & Eggs,2.4,2.4,False,0.0,1L,2.4,1L,,0,2026-06-18T14:40:52Z
woolworths,ww_730998,Pauls Zymil Lactose Free Full Cream Long Life Milk UHT,Pauls,Dairy & Eggs,3.0,3.0,False,0.0,1L,3.0,1L,,0,2026-06-18T14:40:52Z
woolworths,ww_331445,Vaalia Kids Probiotic Yoghurt Pouch Vanilla,Vaalia,Dairy & Eggs,2.55,2.55,False,0.0,140g,1.82,100G,,0,2026-06-18T14:40:52Z
woolworths,ww_717518,Chobani Greek Yoghurt Natural Light Plain,Chobani,Dairy & Eggs,7.9,7.9,False,0.0,907g,0.87,100G,,0,2026-06-18T14:40:52Z
woolworths,ww_57182,Mainland Buttersoft Pure  Butter Tub Salted,Mainland,Dairy & Eggs,10.6,10.6,False,0.0,375g,2.83,100G,,0,2026-06-18T14:40:52Z
woolworths,ww_728983,Woolworths Mozzarella Shredded Cheese,Woolworths,Dairy & Eggs,8.3,8.3,False,0.0,500g,16.6,1KG,,0,2026-06-18T14:40:52Z
woolworths,ww_105321,YoPRO Perform High Protein Yoghurt Pouch Mango Passionfruit,YoPRO,Dairy & Eggs,3.9,3.9,False,0.0,175g,2.23,100G,,0,2026-06-18T14:40:52Z
woolworths,ww_729008,Woolworths Light Tasty Shredded Cheese,Woolworths,Dairy & Eggs,6.5,6.5,False,0.0,500g,13.0,1KG,,0,2026-06-18T14:40:52Z
woolworths,ww_31547,Farmers Union Greek Style Natural Yoghurt,Farmers Union,Dairy & Eggs,7.5,7.5,False,0.0,1kg,0.75,100G,,0,2026-06-18T14:40:52Z
woolworths,ww_48025,Western Star Salted Butter Block Butter Block,Western Star,Dairy & Eggs,4.9,4.9,False,0.0,250g,1.96,100G,,0,2026-06-18T14:40:52Z
woolworths,ww_6036107,Woolworths Essentials Table Spread,Woolworths,Dairy & Eggs,2.8,2.8,False,0.0,1kg,0.28,100G,,0,2026-06-18T14:40:52Z
woolworths,ww_50923,Woolworths Full Cream Milk,Woolworths,Dairy & Eggs,1.85,1.85,False,0.0,1L,1.85,1L,,0,2026-06-18T14:40:52Z
woolworths,ww_310237,Woolworths Tasty Cheese Block,Woolworths,Dairy & Eggs,7.7,7.7,False,0.0,500g,15.4,1KG,,0,2026-06-18T14:40:52Z
woolworths,ww_360847,Bulla Cottage Cheese Plain Cheese,Bulla,Dairy & Eggs,8.0,8.0,False,0.0,500g,16.0,1KG,,0,2026-06-18T14:40:52Z
woolworths,ww_729026,Woolworths Tasty Shredded Cheese,Woolworths,Dairy & Eggs,8.3,8.3,False,0.0,500g,16.6,1KG,,0,2026-06-18T14:40:52Z
woolworths,ww_167552,Tamar Valley Dairy Yoghurt Strawberry & Cream,Tamar Valley,Dairy & Eggs,3.05,3.05,False,0.0,170g,1.79,100G,,0,2026-06-18T14:40:52Z
woolworths,ww_858008,PureHarvest Organic Almond Unsweetened Long Life Milk UH,PureHarvest,Dairy & Eggs,2.6,3.4,True,23.5,1L,2.6,1L,,0,2026-06-18T14:40:52Z
woolworths,ww_788553,Rokeby Protein Smoothie Banana Honey Cinnamon,Rokeby,Dairy & Eggs,4.65,4.65,False,0.0,425mL,10.94,1L,,0,2026-06-18T14:40:52Z
woolworths,ww_41402,Bulla Cottage Cheese Original,Bulla,Dairy & Eggs,4.8,4.8,False,0.0,200g,24.0,1KG,,0,2026-06-18T14:40:52Z
woolworths,ww_862492,Pauls Kids Bluey Vanilla Yoghurt Pouch,Pauls,Dairy & Eggs,1.35,1.35,False,0.0,70g,1.93,100G,,0,2026-06-18T14:40:52Z
woolworths,ww_42161,Perfect Italiano Parmesan Cheese Grated Parmesan,Perfect Italiano,Dairy & Eggs,4.8,4.8,False,0.0,125g,38.4,1KG,,0,2026-06-18T14:40:52Z
woolworths,ww_95502,Bulla Premium Sour Cream,Bulla,Dairy & Eggs,3.95,3.95,False,0.0,200mL,1.98,100ML,,0,2026-06-18T14:40:52Z
woolworths,ww_6061610,Muscle Nation Protein Yoghurt Pouch Mango,Muscle Nation,Dairy & Eggs,3.0,3.0,False,0.0,150g,2.0,100G,,0,2026-06-18T14:40:52Z
woolworths,ww_405010,Farmhouse Gold Full Cream Milk Full Cream Milk,Farmhouse Gold,Dairy & Eggs,4.95,4.95,False,0.0,1.5L,3.3,1L,,0,2026-06-18T14:40:52Z
woolworths,ww_932567,Chris' Dips French Onion,Chris',Dairy & Eggs,3.3,4.5,True,26.7,60g x 3 pack,1.83,100G,,0,2026-06-18T14:40:52Z
woolworths,ww_706257,Ultimate Yoghurt Black Cherry,Ultimate,Dairy & Eggs,6.0,6.0,False,0.0,115g x 4 pack,1.3,100G,,0,2026-06-18T14:40:52Z
woolworths,ww_6039041,Vaalia Boost Probiotic Yoghurt Pouch Strawberry Squeeze,Vaalia,Dairy & Eggs,2.85,2.85,False,0.0,150g,1.9,100G,,0,2026-06-18T14:40:52Z
woolworths,ww_867015,YoPRO Protein Yoghurt Vanilla,YoPRO,Dairy & Eggs,8.0,8.0,False,0.0,700g,1.14,100G,,0,2026-06-18T14:40:52Z
woolworths,ww_28991,Bega Stringers Cheese Cheese,Bega,Dairy & Eggs,7.5,7.5,False,0.0,160g,46.88,1KG,,0,2026-06-18T14:40:52Z
woolworths,ww_265568,Chobani Greek Yoghurt Natural Light,Chobani,Dairy & Eggs,2.7,2.7,False,0.0,160g,1.69,100G,,0,2026-06-18T14:40:52Z
woolworths,ww_6039963,Rokeby Protein Snack Chocolate,Rokeby,Dairy & Eggs,2.4,3.0,True,20.0,160g,1.5,100G,,0,2026-06-18T14:40:52Z
woolworths,ww_6038609,Vaalia Boost Probiotic Yoghurt Pouch Banana Buzz,Vaalia,Dairy & Eggs,2.85,2.85,False,0.0,150g,1.9,100G,,0,2026-06-18T14:40:52Z
woolworths,ww_87702,Lurpak Butter Spreadable,Lurpak,Dairy & Eggs,9.0,9.0,False,0.0,400g,2.25,100G,,0,2026-06-18T14:40:52Z
woolworths,ww_660435,Tamar Valley Dairy Kids Greek Yoghurt Pouch Blueberry,Tamar Valley,Dairy & Eggs,2.55,2.55,False,0.0,110g,2.32,100G,,0,2026-06-18T14:40:52Z
woolworths,ww_13834,Vaalia Probiotic Yoghurt French Vanilla,Vaalia,Dairy & Eggs,6.8,6.8,False,0.0,900g,0.76,100G,,0,2026-06-18T14:40:52Z
woolworths,ww_6038843,Ultimate Yoghurt Smooth Caramel,Ultimate,Dairy & Eggs,6.0,6.0,False,0.0,115g x 4 pack,1.3,100G,,0,2026-06-18T14:40:52Z
woolworths,ww_686455,Farmers Union Greek Style Yoghurt Pouch Hint Of Real Mango,Farmers Union,Dairy & Eggs,2.9,2.9,False,0.0,130g,2.23,100G,,0,2026-06-18T14:40:52Z
woolworths,ww_167374,Tamar Valley Dairy Yoghurt Mango & Cream Yoghurt Mango & Cream,Tamar Valley,Dairy & Eggs,3.05,3.05,False,0.0,170g,1.79,100G,,0,2026-06-18T14:40:52Z
woolworths,ww_346607,Hillview Mozzarella Shredded Cheese,Hillview,Dairy & Eggs,9.3,9.3,False,0.0,700g,13.29,1KG,,0,2026-06-18T14:40:52Z
woolworths,ww_729025,Woolworths Tasty Cheese Shredded,Woolworths,Dairy & Eggs,5.0,5.0,False,0.0,250g,20.0,1KG,,0,2026-06-18T14:40:52Z
woolworths,ww_230367,Devondale Semi Skim Long Life Milk UHT,Devondale,Dairy & Eggs,2.2,2.2,False,0.0,1L,2.2,1L,,0,2026-06-18T14:40:52Z
woolworths,ww_794731,YoPRO Protein Yoghurt Pouch Vanilla,YoPRO,Dairy & Eggs,1.9,3.2,True,40.6,150g,1.27,100G,,0,2026-06-18T14:40:52Z
woolworths,ww_148781,Vitasoy Oat Milky Long Life Milk UHT,Vitasoy,Dairy & Eggs,3.0,3.0,False,0.0,1L,3.0,1L,,0,2026-06-18T14:40:52Z
woolworths,ww_208064,a2 Milk Full Cream Milk,a2 Milk,Dairy & Eggs,7.3,7.3,False,0.0,2L,3.65,1L,,0,2026-06-18T14:40:52Z
woolworths,ww_120207,Sanitarium So Good Oat No Added Sugar Long Life Milk UHT,Sanitarium,Dairy & Eggs,3.0,3.0,False,0.0,1L,3.0,1L,,0,2026-06-18T14:40:52Z
woolworths,ww_769558,Bega Tasty Cheese Slices Slices,Bega,Dairy & Eggs,10.7,11.8,True,9.3,500g,21.4,1KG,,0,2026-06-18T14:40:52Z
woolworths,ww_105785,YoPRO Perform High Protein Yoghurt Pouch Mixed Berries,YoPRO,Dairy & Eggs,3.9,3.9,False,0.0,175g,2.23,100G,,0,2026-06-18T14:40:52Z
woolworths,ww_68977,Woolworths Australian Butter Unsalted,Woolworths,Dairy & Eggs,4.5,4.5,False,0.0,250g,1.8,100G,,0,2026-06-18T14:40:52Z
woolworths,ww_104248,YoPRO Perform High Protein Yoghurt Pouch Strawberry,YoPRO,Dairy & Eggs,3.9,3.9,False,0.0,175g,2.23,100G,,0,2026-06-18T14:40:52Z
woolworths,ww_452086,Woolworths Danish Style Fetta,Woolworths,Dairy & Eggs,3.2,3.2,False,0.0,200g,16.0,1KG,,0,2026-06-18T14:40:52Z
woolworths,ww_536508,Woolworths Mozzarella Shredded Cheese,Woolworths,Dairy & Eggs,5.5,5.5,False,0.0,250g,22.0,1KG,,0,2026-06-18T14:40:52Z
woolworths,ww_862414,Tamar Valley Dairy Kids Greek Yoghurt Pouch Raspberry,Tamar Valley,Dairy & Eggs,2.55,2.55,False,0.0,110g,2.32,100G,,0,2026-06-18T14:40:52Z
woolworths,ww_312191,Yoplait Petit Miam Kids Yoghurt Pouch Strawberry,Yoplait,Dairy & Eggs,1.4,1.4,False,0.0,70g,2.0,100G,,0,2026-06-18T14:40:52Z
woolworths,ww_623659,Nestle Milo Energy Dairy Snack Snack Pouch,Nestle,Dairy & Eggs,2.05,2.85,True,28.1,150g,1.37,100G,,0,2026-06-18T14:40:52Z
woolworths,ww_509491,Tamar Valley Dairy Kids Greek Yoghurt Pouch Tropical,Tamar Valley,Dairy & Eggs,2.55,2.55,False,0.0,110g,2.32,100G,,0,2026-06-18T14:40:52Z
woolworths,ww_165367,Woolworths 12 Extra Large Cage Free Eggs,Woolworths,Dairy & Eggs,5.7,5.7,False,0.0,700g,0.81,100G,,0,2026-06-18T14:40:52Z
woolworths,ww_167330,Tamar Valley The Creamery Greek Style Yoghurt Blueberries & Cream,Tamar Valley,Dairy & Eggs,3.05,3.05,False,0.0,170g,1.79,100G,,0,2026-06-18T14:40:52Z
woolworths,ww_68978,Woolworths Australian Butter Salted,Woolworths,Dairy & Eggs,4.5,4.5,False,0.0,250g,1.8,100G,,0,2026-06-18T14:40:52Z
woolworths,ww_224944,Woolworths Extra Tasty Cheese Slices,Woolworths,Dairy & Eggs,7.5,7.5,False,0.0,500g,15.0,1KG,,0,2026-06-18T14:40:52Z
woolworths,ww_663179,Farmers Union Greek Style Yoghurt Pouch Natural,Farmers Union,Dairy & Eggs,2.9,2.9,False,0.0,130g,2.23,100G,,0,2026-06-18T14:40:52Z
woolworths,ww_504592,Westgold Butter Salted Salted,Westgold,Dairy & Eggs,8.0,8.0,False,0.0,400g,2.0,100G,,0,2026-06-18T14:40:52Z
woolworths,ww_223865,Lurpak Butter Spreadable Slightly Salted,Lurpak,Dairy & Eggs,6.5,6.5,False,0.0,250g,2.6,100G,,0,2026-06-18T14:40:52Z
woolworths,ww_365569,Macro Organic Full Cream Milk,Macro,Dairy & Eggs,2.5,2.5,False,0.0,1L,2.5,1L,,0,2026-06-18T14:40:52Z
woolworths,ww_751972,Pauls Kids Bluey Vanilla Custard Pouch,Pauls,Dairy & Eggs,2.05,2.05,False,0.0,70g,2.93,100G,,0,2026-06-18T14:40:52Z
woolworths,ww_6033364,Golden Banana Bread Flavoured Crumpets,Golden,Bakery,4.0,5.5,True,27.3,6 pack,0.94,100G,,0,2026-06-18T14:40:52Z
woolworths,ww_6071665,Tip Top The One Digestive Health Soft White Sliced Loaf,Tip Top,Bakery,4.5,5.0,True,10.0,680g,0.66,100G,,0,2026-06-18T14:40:52Z
woolworths,ww_453156,Cadbury Chocolate Mini Rolls 115g,Cadbury,Bakery,6.9,6.9,False,0.0,5 pack,1.38,1EA,,0,2026-06-18T14:40:52Z
woolworths,ww_633063,Cadbury Milk Chocolate Cake Bars 105g,Cadbury,Bakery,6.9,6.9,False,0.0,5 pack,1.38,1EA,,0,2026-06-18T14:40:52Z
woolworths,ww_263669,Wonder White Bread Vitamins & Minerals Sandwich,Wonder,Bakery,4.7,4.7,False,0.0,700g,0.67,100G,,0,2026-06-18T14:40:52Z
woolworths,ww_277728,Woolworths White Sandwich Bread Loaf,Woolworths,Bakery,2.5,2.5,False,0.0,650g,0.38,100G,,0,2026-06-18T14:40:52Z
woolworths,ww_634918,Woolworths White Wrap,Woolworths,Bakery,2.2,2.2,False,0.0,8 pack,0.61,100G,,0,2026-06-18T14:40:52Z
woolworths,ww_581176,Woolworths Wholemeal Soft Sandwich Bread,Woolworths,Bakery,2.8,2.8,False,0.0,650g,0.43,100G,,0,2026-06-18T14:40:52Z
woolworths,ww_713816,Tip Top The One White Sandwich Slice Bread Loaf Bakery,Tip Top,Bakery,4.7,4.7,False,0.0,700g,0.67,100G,,0,2026-06-18T14:40:52Z
woolworths,ww_49622,Golden Crumpets Round,Golden,Bakery,4.8,4.8,False,0.0,6 pack,0.8,1EA,,0,2026-06-18T14:40:52Z
woolworths,ww_855750,Cadbury Raspberry Mini Rolls 125g,Cadbury,Bakery,6.9,6.9,False,0.0,5 pack,1.38,1EA,,0,2026-06-18T14:40:52Z
woolworths,ww_581280,Woolworths White Soft Hi-Fibre Bread,Woolworths,Bakery,3.5,3.5,False,0.0,700g,0.5,100G,,0,2026-06-18T14:40:52Z
woolworths,ww_224737,Woolworths English Muffins,Woolworths,Bakery,3.0,3.0,False,0.0,6 pack,0.5,1EA,,0,2026-06-18T14:40:52Z
woolworths,ww_253937,Wonder White Wholemeal With Iron Sandwich Slice,Wonder,Bakery,4.7,4.7,False,0.0,700g,0.67,100G,,0,2026-06-18T14:40:52Z
woolworths,ww_33593,Woolworths All Butter Croissants,Woolworths,Bakery,2.6,2.6,False,0.0,4 pack,0.65,1EA,,0,2026-06-18T14:40:52Z
woolworths,ww_320194,Mission Wraps Original,Mission,Bakery,5.6,5.6,False,0.0,8 pack,0.99,100G,,0,2026-06-18T14:40:52Z
woolworths,ww_233160,Woolworths Soft White Loaf White Extra Soft Loaf,Woolworths,Bakery,3.6,3.6,False,0.0,800g,0.45,100G,,0,2026-06-18T14:40:52Z
woolworths,ww_46795,Tip Top English Muffins Original Bakery,Tip Top,Bakery,3.2,6.4,True,50.0,6 pack,0.53,1EA,,0,2026-06-18T14:40:52Z
woolworths,ww_6016711,Woolworths Hamburger Buns,Woolworths,Bakery,2.75,2.75,False,0.0,6 pack,0.46,1EA,,0,2026-06-18T14:40:52Z
woolworths,ww_581172,Woolworths White Soft Sandwich Bread,Woolworths,Bakery,2.8,2.8,False,0.0,650g,0.43,100G,,0,2026-06-18T14:40:52Z
woolworths,ww_33878,Woolworths Soft Hamburger Rolls Soft Hamburger,Woolworths,Bakery,3.0,3.0,False,0.0,6 pack,0.5,1EA,,0,2026-06-18T14:40:52Z
woolworths,ww_363952,Woolworths 35hr Sourdough Loaf White Loaf,Woolworths,Bakery,6.25,6.25,False,0.0,each,6.25,1EA,,0,2026-06-18T14:40:52Z
woolworths,ww_6037735,Woolworths Stonebaked Turkish Rolls,Woolworths,Bakery,2.6,2.6,False,0.0,4 pack,0.65,100G,,0,2026-06-18T14:40:52Z
woolworths,ww_713834,Tip Top The One White Toast Slice Bread Loaf Bakery,Tip Top,Bakery,4.7,4.7,False,0.0,700g,0.67,100G,,0,2026-06-18T14:40:52Z
woolworths,ww_263667,Wonder White Bread Vitamins & Minerals Toast,Wonder,Bakery,4.7,4.7,False,0.0,700g,0.67,100G,,0,2026-06-18T14:40:52Z
woolworths,ww_581281,Woolworths Wholemeal Sandwich Hi-Fibre Bread,Woolworths,Bakery,3.5,3.5,False,0.0,700g,0.5,100G,,0,2026-06-18T14:40:52Z
woolworths,ww_634919,Woolworths Wholegrain Wrap 8Pk,Woolworths,Bakery,2.2,2.2,False,0.0,360g,0.61,100G,,0,2026-06-18T14:40:52Z
woolworths,ww_6033366,Tip Top Raisin Toast Loaf,Tip Top,Bakery,5.5,5.5,False,0.0,500g,1.1,100G,,0,2026-06-18T14:40:52Z
woolworths,ww_573301,Menissez Bake At Home White Dinner Rolls,Menissez,Bakery,2.9,2.9,False,0.0,6 pack,0.48,1EA,,0,2026-06-18T14:40:52Z
woolworths,ww_645865,Bakery Du Jour Brioche Burger Buns,Bakery Du Jour,Bakery,3.6,3.6,False,0.0,4 pack,0.9,1EA,,0,2026-06-18T14:40:52Z
woolworths,ww_130502,Woolworths Soft Round Rolls Extra Soft Lunch,Woolworths,Bakery,3.0,3.0,False,0.0,6 pack,0.5,1EA,,0,2026-06-18T14:40:52Z
woolworths,ww_97237,Woolworths All Butter Croissant,Woolworths,Bakery,2.6,2.6,False,0.0,3 pack,0.87,1EA,,0,2026-06-18T14:40:52Z
woolworths,ww_7413,Golden Crumpet Squares,Golden,Bakery,3.5,5.0,True,30.0,6 pack,0.58,1EA,,0,2026-06-18T14:40:52Z
woolworths,ww_328822,Woolworths Banana Bread Slices,Woolworths,Bakery,5.75,5.75,False,0.0,5 pack,1.15,100G,,0,2026-06-18T14:40:52Z
woolworths,ww_55656,Woolworths Soft White Loaf White Extra Soft Loaf,Woolworths,Bakery,3.3,3.3,False,0.0,680g,0.49,100G,,0,2026-06-18T14:40:52Z
woolworths,ww_6035082,Woolworths Mini Choc Chip Muffin,Woolworths,Bakery,4.5,4.5,False,0.0,8 pack,0.56,1EA,,0,2026-06-18T14:40:52Z
woolworths,ww_6037733,Woolworths Rustic White Sourdough Loaf,Woolworths,Bakery,4.0,4.0,False,0.0,500g,0.8,100G,,0,2026-06-18T14:40:52Z
woolworths,ww_84129,Helga's Bread Traditional Wholemeal,Helga's,Bakery,5.3,5.3,False,0.0,750g,0.71,100G,,0,2026-06-18T14:40:52Z
woolworths,ww_581174,Woolworths White Soft Toast Bread,Woolworths,Bakery,2.8,2.8,False,0.0,650g,0.43,100G,,0,2026-06-18T14:40:52Z
woolworths,ww_365378,Woolworths Pikelets,Woolworths,Bakery,2.5,2.5,False,0.0,8 pack,1.25,100G,,0,2026-06-18T14:40:52Z
woolworths,ww_581282,Woolworths Multigrain Sandwich Hi-Fibre Bread,Woolworths,Bakery,3.5,3.5,False,0.0,700g,0.5,100G,,0,2026-06-18T14:40:52Z
woolworths,ww_6033364,Golden Banana Bread Flavoured Crumpets,Golden,Bakery,4.0,5.5,True,27.3,6 pack,0.94,100G,,0,2026-06-18T14:40:52Z
woolworths,ww_6071665,Tip Top The One Digestive Health Soft White Sliced Loaf,Tip Top,Bakery,4.5,5.0,True,10.0,680g,0.66,100G,,0,2026-06-18T14:40:52Z
woolworths,ww_453156,Cadbury Chocolate Mini Rolls 115g,Cadbury,Bakery,6.9,6.9,False,0.0,5 pack,1.38,1EA,,0,2026-06-18T14:40:52Z
woolworths,ww_633063,Cadbury Milk Chocolate Cake Bars 105g,Cadbury,Bakery,6.9,6.9,False,0.0,5 pack,1.38,1EA,,0,2026-06-18T14:40:52Z
woolworths,ww_283413,Woolworths Fruit Toast Loaf,Woolworths,Bakery,3.45,3.45,False,0.0,560g,0.62,100G,,0,2026-06-18T14:40:52Z
woolworths,ww_6016644,Woolworths Hotdog Rolls,Woolworths,Bakery,2.75,2.75,False,0.0,6 pack,0.46,1EA,,0,2026-06-18T14:40:52Z
woolworths,ww_177677,Mission Souvlaki Bread,Mission,Bakery,3.5,4.6,True,23.9,320g,1.09,100G,,0,2026-06-18T14:40:52Z
woolworths,ww_224739,Woolworths Crumpets,Woolworths,Bakery,2.2,2.2,False,0.0,6 pack,0.37,1EA,,0,2026-06-18T14:40:52Z
woolworths,ww_33909,Woolworths Soft Hotdog Rolls Hotdog Extra Soft,Woolworths,Bakery,3.0,3.0,False,0.0,6 pack,0.5,1EA,,0,2026-06-18T14:40:52Z
woolworths,ww_803943,Brioche Gourmet Burger Buns,Brioche Gourmet,Bakery,6.5,6.5,False,0.0,4 pack,1.63,1EA,,0,2026-06-18T14:40:52Z
woolworths,ww_855750,Cadbury Raspberry Mini Rolls 125g,Cadbury,Bakery,6.9,6.9,False,0.0,5 pack,1.38,1EA,,0,2026-06-18T14:40:52Z
woolworths,ww_331602,Abbott's Bakery Light Rye Bread Sandwich Slice Loaf,Abbott's Bakery,Bakery,5.3,5.3,False,0.0,680g,0.78,100G,,0,2026-06-18T14:40:52Z
woolworths,ww_6024445,Woolworths Large White Wraps,Woolworths,Bakery,4.0,4.0,False,0.0,8 pack,0.71,100G,,0,2026-06-18T14:40:52Z
woolworths,ww_421465,Woolworths Dreamy Choc Chip Cookies,Woolworths,Bakery,3.3,3.8,True,13.2,5 pack,0.66,1EA,,0,2026-06-18T14:40:52Z
woolworths,ww_6027918,Helga's Mixed Grain Loaf,Helga's,Bakery,5.3,5.3,False,0.0,800g,0.66,100G,,0,2026-06-18T14:40:52Z
woolworths,ww_883002,Woolworths Mini Blueberry Muffins,Woolworths,Bakery,4.5,4.5,False,0.0,8 pack,0.56,1EA,,0,2026-06-18T14:40:52Z
woolworths,ww_581178,Woolworths Multigrain Soft Sandwich Bread,Woolworths,Bakery,2.8,2.8,False,0.0,650g,0.43,100G,,0,2026-06-18T14:40:52Z
woolworths,ww_165306,Tip Top Gluten Free The One White Sliced Bread,Tip Top,Bakery,7.4,7.4,False,0.0,550g,1.35,100G,,0,2026-06-18T14:40:52Z
woolworths,ww_201257,Woolworths Jumbo Soft Round Rolls Extra Soft Jumbo,Woolworths,Bakery,3.55,3.55,False,0.0,6 pack,0.59,1EA,,0,2026-06-18T14:40:52Z
woolworths,ww_6034209,Woolworths Mini Double Choc Chip Muffin,Woolworths,Bakery,4.5,4.5,False,0.0,8 pack,0.56,1EA,,0,2026-06-18T14:40:52Z
woolworths,ww_250627,Woolworths Cookies Choc Chip,Woolworths,Bakery,6.5,6.5,False,0.0,24 pack,0.27,1EA,,0,2026-06-18T14:40:52Z
woolworths,ww_6079453,Mission Garlic Souvlaki Bread,Mission,Bakery,3.5,4.6,True,23.9,320g 5 pack,1.09,100G,,0,2026-06-18T14:40:52Z
woolworths,ww_197276,Tip Top 9 Grain Classic Sandwich Slice Bread Loaf Bakery,Tip Top,Bakery,4.7,4.7,False,0.0,700g,0.67,100G,,0,2026-06-18T14:40:52Z
woolworths,ww_89121,Tip Top English Muffins Wholemeal Bakery,Tip Top,Bakery,3.2,6.4,True,50.0,6 pack,0.53,1EA,,0,2026-06-18T14:40:52Z
woolworths,ww_749588,Tip Top The One Wholemeal Bread Sandwich Slice Loaf Bakery,Tip Top,Bakery,4.7,4.7,False,0.0,700g,0.67,100G,,0,2026-06-18T14:40:52Z
woolworths,ww_867246,Toscano Classic Pizza Bases,Toscano,Bakery,7.0,7.0,False,0.0,2 pack,2.33,100G,,0,2026-06-18T14:40:52Z
woolworths,ww_89471,Woolworths Thin Crust Pizza Base,Woolworths,Bakery,3.0,3.0,False,0.0,2 pack,1.5,100G,,0,2026-06-18T14:40:52Z
woolworths,ww_26162,Mighty Soft Bread Rolls Hot Dog,Mighty Soft,Bakery,4.5,4.5,False,0.0,6 pack,0.75,1EA,,0,2026-06-18T14:40:52Z
woolworths,ww_690672,Abbott's Bakery Rustic White Bread Sandwich Slice Loaf,Abbott's Bakery,Bakery,5.3,5.3,False,0.0,700g,0.76,100G,,0,2026-06-18T14:40:52Z
woolworths,ww_31560,Golden Crumpets Round Wholemeal,Golden,Bakery,4.8,4.8,False,0.0,6 pack,0.8,1EA,,0,2026-06-18T14:40:52Z
woolworths,ww_6033012,Tip Top Cafe Thick Cut Raisin Toast Loaf,Tip Top,Bakery,5.5,5.5,False,0.0,600g,0.92,100G,,0,2026-06-18T14:40:52Z
woolworths,ww_607875,Woolworths Mini Banana Muffin,Woolworths,Bakery,4.5,4.5,False,0.0,8 pack,0.56,1EA,,0,2026-06-18T14:40:52Z
woolworths,ww_131380,Woolworths Lamington Fingers,Woolworths,Bakery,3.8,3.8,False,0.0,18 pack,0.21,1EA,,0,2026-06-18T14:40:52Z
woolworths,ww_38214,Woolworths Fresh Donuts Cinnamon,Woolworths,Bakery,3.5,3.5,False,0.0,12 pack,0.29,1EA,,0,2026-06-18T14:40:52Z
woolworths,ww_125793,Brioche Gourmet Burger Buns With Sesame Seeds,Brioche Gourmet,Bakery,6.5,6.5,False,0.0,4 pack,1.63,1EA,,0,2026-06-18T14:40:52Z
woolworths,ww_13044,Mighty Soft Bread Rolls Hamburger Buns,Mighty Soft,Bakery,4.5,4.5,False,0.0,6 pack,0.75,1EA,,0,2026-06-18T14:40:52Z
woolworths,ww_6028328,Helga's Soft White Loaf,Helga's,Bakery,5.3,5.3,False,0.0,700g,0.76,100G,,0,2026-06-18T14:40:52Z
woolworths,ww_363951,Woolworths 35hr Sourdough Loaf Seeded Seeds And Grains,Woolworths,Bakery,6.25,6.25,False,0.0,each,6.25,1EA,,0,2026-06-18T14:40:52Z
woolworths,ww_201252,Woolworths Jumbo Soft Hamburger Rolls Jumbo Hamburger,Woolworths,Bakery,3.55,3.55,False,0.0,6 pack,0.59,1EA,,0,2026-06-18T14:40:52Z
woolworths,ww_46645,Golden Pikelets,Golden,Bakery,4.5,4.5,False,0.0,8 pack,2.25,100G,,0,2026-06-18T14:40:52Z
woolworths,ww_320195,Mission Wraps Mini Original,Mission,Bakery,4.6,5.6,True,17.9,8 pack,1.2,100G,,0,2026-06-18T14:40:52Z
woolworths,ww_6033364,Golden Banana Bread Flavoured Crumpets,Golden,Bakery,4.0,5.5,True,27.3,6 pack,0.94,100G,,0,2026-06-18T14:40:52Z
woolworths,ww_6071665,Tip Top The One Digestive Health Soft White Sliced Loaf,Tip Top,Bakery,4.5,5.0,True,10.0,680g,0.66,100G,,0,2026-06-18T14:40:52Z
woolworths,ww_453156,Cadbury Chocolate Mini Rolls 115g,Cadbury,Bakery,6.9,6.9,False,0.0,5 pack,1.38,1EA,,0,2026-06-18T14:40:52Z
woolworths,ww_633063,Cadbury Milk Chocolate Cake Bars 105g,Cadbury,Bakery,6.9,6.9,False,0.0,5 pack,1.38,1EA,,0,2026-06-18T14:40:52Z
woolworths,ww_16999,Helga's Sourdough Loaf,Helga's,Bakery,5.3,5.3,False,0.0,650g,0.82,100G,,0,2026-06-18T14:40:52Z
woolworths,ww_298121,Woolworths Cheese & Bacon Rolls Bacon & Cheese,Woolworths,Bakery,6.5,6.5,False,0.0,6 pack,1.08,1EA,,0,2026-06-18T14:40:52Z
woolworths,ww_7928,Woolworths Iced Donuts,Woolworths,Bakery,3.8,3.8,False,0.0,6 pack,0.63,1EA,,0,2026-06-18T14:40:52Z
woolworths,ww_66921,Woolworths Butter Croissant,Woolworths,Bakery,9.9,9.9,False,0.0,10 pack,0.99,1EA,,0,2026-06-18T14:40:52Z
woolworths,ww_28125,Buttercup Country Split White Bread,Buttercup,Bakery,4.4,4.4,False,0.0,450g,0.98,100G,,0,2026-06-18T14:40:52Z
woolworths,ww_6072530,Tip Top The One Digestive Health Soft Wholemeal Sliced Loaf,Tip Top,Bakery,4.5,5.0,True,10.0,680g,0.66,100G,,0,2026-06-18T14:40:52Z
woolworths,ww_855750,Cadbury Raspberry Mini Rolls 125g,Cadbury,Bakery,6.9,6.9,False,0.0,5 pack,1.38,1EA,,0,2026-06-18T14:40:52Z
woolworths,ww_289456,Abbott's Bakery Sourdough White Bread Sandwich Slice Loaf,Abbott's Bakery,Bakery,5.5,5.5,False,0.0,760g,0.72,100G,,0,2026-06-18T14:40:52Z
woolworths,ww_690125,Abbott's Bakery Country Grains Sandwich Slice Bread Loaf,Abbott's Bakery,Bakery,5.3,5.3,False,0.0,800g,0.66,100G,,0,2026-06-18T14:40:52Z
woolworths,ww_331591,Abbott's Bakery Farmhouse Wholemeal Bread Sandwich Slice Loaf,Abbott's Bakery,Bakery,5.3,5.3,False,0.0,750g,0.71,100G,,0,2026-06-18T14:40:52Z
woolworths,ww_777161,Woolworths Plain Turkish Rolls,Woolworths,Bakery,3.75,3.75,False,0.0,3 pack,1.25,1EA,,0,2026-06-18T14:40:52Z
woolworths,ww_320197,Mission Wraps Spinach & Herb,Mission,Bakery,5.6,5.6,False,0.0,8 pack,0.99,100G,,0,2026-06-18T14:40:52Z
woolworths,ww_277578,Woolworths Free From Gluten White Bread Loaf,Woolworths,Bakery,5.5,5.5,False,0.0,440g,1.25,100G,,0,2026-06-18T14:40:52Z
woolworths,ww_726067,Toscano Brioche Burger Buns,Toscano,Bakery,5.7,5.7,False,0.0,4 pack,2.85,100G,,0,2026-06-18T14:40:52Z
woolworths,ww_6037734,Woolworths Rustic Rye Sourdough Loaf,Woolworths,Bakery,4.0,4.0,False,0.0,500g,0.8,100G,,0,2026-06-18T14:40:52Z
woolworths,ww_270580,Abe's Bagels The Natural Bagels,Abe's Bagels,Bakery,5.0,5.5,True,9.1,4 pack,1.39,100G,,0,2026-06-18T14:40:52Z
woolworths,ww_846809,Mr Kipling Cake Angel Slices Snack Pack,Mr Kipling,Bakery,6.2,6.2,False,0.0,6 pack,1.03,1EA,,0,2026-06-18T14:40:52Z
woolworths,ww_774123,Mission Pita Bread Pockets Plain,Mission,Bakery,4.5,4.5,False,0.0,420g,1.07,100G,,0,2026-06-18T14:40:52Z
woolworths,ww_384286,Mission Wraps Wholegrain,Mission,Bakery,5.6,5.6,False,0.0,8 pack,0.99,100G,,0,2026-06-18T14:40:52Z
woolworths,ww_919345,Mission Carb Balance Original Wraps,Mission,Bakery,6.6,6.6,False,0.0,6 pack,2.29,100G,,0,2026-06-18T14:40:52Z
woolworths,ww_35496,Woolworths Wholemeal Loaf Wholemeal Loaf,Woolworths,Bakery,3.3,3.3,False,0.0,680g,0.49,100G,,0,2026-06-18T14:40:52Z
woolworths,ww_218853,Tip Top Gourmet Burger Buns BBQ Bread Rolls Bakery,Tip Top,Bakery,5.9,5.9,False,0.0,4 pack,2.68,100G,,0,2026-06-18T14:40:52Z
woolworths,ww_103774,Abbott's Bakery Sourdough Rye Bread Sandwich Slice Loaf,Abbott's Bakery,Bakery,5.5,5.5,False,0.0,760g,0.72,100G,,0,2026-06-18T14:40:52Z
woolworths,ww_6046609,Tip Top Gourmet Pizza Bases White,Tip Top,Bakery,4.0,4.0,False,0.0,2 pack,0.91,100G,,0,2026-06-18T14:40:52Z
woolworths,ww_6034087,Woolworths Choc Chip Muffins,Woolworths,Bakery,4.5,4.5,False,0.0,4 pack,1.13,1EA,,0,2026-06-18T14:40:52Z
woolworths,ww_145667,Woolworths Anzac Biscuit Family,Woolworths,Bakery,6.5,6.5,False,0.0,24 pack,0.27,1EA,,0,2026-06-18T14:40:52Z
woolworths,ww_182092,Helga's Traditional Wholemeal Wraps,Helga's,Bakery,3.5,5.5,True,36.4,8 pack,0.69,100G,,0,2026-06-18T14:40:52Z
woolworths,ww_883001,Woolworths Blueberry Muffins,Woolworths,Bakery,4.5,4.5,False,0.0,4 pack,1.13,1EA,,0,2026-06-18T14:40:52Z
woolworths,ww_889314,Wonder 5 Star Soft White High Fibre Bread Loaf,Wonder,Bakery,5.0,5.0,False,0.0,680g,0.74,100G,,0,2026-06-18T14:40:52Z
woolworths,ww_757540,Woolworths Jumbo Crusty Tiger Rolls,Woolworths,Bakery,3.55,3.55,False,0.0,6 pack,0.59,1EA,,0,2026-06-18T14:40:52Z
woolworths,ww_240473,Simson's Pantry Low Carb High Protein + Fibre Large Wraps,Simson's Pantry,Bakery,6.5,6.5,False,0.0,6 pack,1.55,100G,,0,2026-06-18T14:40:52Z
woolworths,ww_71654,Glicks Plain Bagel,Glicks,Bakery,3.9,3.9,False,0.0,4 pack,1.08,100G,,0,2026-06-18T14:40:52Z
woolworths,ww_232833,Burgen Soy & Linseed Low GI Sliced Bread Loaf Bakery,Burgen,Bakery,6.0,6.0,False,0.0,700g,0.86,100G,,0,2026-06-18T14:40:52Z
woolworths,ww_61227,Brioche Gourmet Sliders,Brioche Gourmet,Bakery,6.5,6.5,False,0.0,10 pack,0.65,1EA,,0,2026-06-18T14:40:52Z
woolworths,ww_6032991,Tip Top Wholemeal Raisin Toast Loaf,Tip Top,Bakery,5.5,5.5,False,0.0,575g,0.96,100G,,0,2026-06-18T14:40:52Z
woolworths,ww_242694,Woolworths Rustic White Baguette,Woolworths,Bakery,2.5,2.5,False,0.0,each,2.5,1EA,,0,2026-06-18T14:40:52Z
woolworths,ww_243014,Toscano Sourdough Pizza Base,Toscano,Bakery,8.5,8.5,False,0.0,2 pack,2.02,100G,,0,2026-06-18T14:40:52Z
woolworths,ww_774205,Nice & Natural Fruit Fun Mix Variety Multi Pack School Snacks Gluten Free,Nice & Natural,Pantry,8.0,8.0,False,0.0,16 pack,2.94,100G,,0,2026-06-18T14:40:52Z
woolworths,ww_72618,Twinings English Breakfast Tea Bags Tea Bags,Twinings,Pantry,6.75,13.5,True,50.0,100 pack,0.07,1EA,,0,2026-06-18T14:40:52Z
woolworths,ww_99633,MasterFoods Tomato Sauce,MasterFoods,Pantry,2.8,4.2,True,33.3,500mL,0.56,100ML,,0,2026-06-18T14:40:52Z
woolworths,ww_925716,Praise Traditional Mayo,Praise,Pantry,3.5,3.5,False,0.0,250g,1.4,100G,,0,2026-06-18T14:40:52Z
woolworths,ww_748595,Woolworths Full Cream Long Life Milk UHT,Woolworths,Pantry,1.85,1.85,False,0.0,1L,1.85,1L,,0,2026-06-18T14:40:52Z
woolworths,ww_799813,Woolworths Free From Lactose Lite Long Life Milk UHT,Woolworths,Pantry,2.1,2.1,False,0.0,1L,2.1,1L,,0,2026-06-18T14:40:52Z
woolworths,ww_33557,Devondale 100% Pure Full Cream Long Life Milk UHT,Devondale,Pantry,2.2,2.2,False,0.0,1L,2.2,1L,,0,2026-06-18T14:40:52Z
woolworths,ww_770320,Woolworths Diced Italian Tomatoes,Woolworths,Pantry,1.1,1.1,False,0.0,400g,2.75,1KG,,0,2026-06-18T14:40:52Z
woolworths,ww_230392,Ardmona Crushed Vine Ripened Tomatoes,Ardmona,Pantry,1.4,1.8,True,22.2,400g,3.41,1KG,,0,2026-06-18T14:40:52Z
woolworths,ww_38609,Sirena Tuna In Oil Italian Style,Sirena,Pantry,2.95,2.95,False,0.0,95g,31.05,1KG,,0,2026-06-18T14:40:52Z
woolworths,ww_6005486,Cholula Original Taco Spice Seasoning Mix,Cholula,Pantry,3.1,3.1,False,0.0,28g,11.07,100G,,0,2026-06-18T14:40:52Z
woolworths,ww_758286,Dolmio Extra Bolognese Tomato Pasta Sauce,Dolmio,Pantry,4.6,4.6,False,0.0,500g,0.92,100G,,0,2026-06-18T14:40:52Z
woolworths,ww_334160,Nice & Natural Fruit Strings School Snacks Gluten Free,Nice & Natural,Pantry,4.25,5.6,True,24.1,8 pack,3.13,100G,,0,2026-06-18T14:40:52Z
woolworths,ww_6000194,Nice & Natural Deluxe Protein Bar Salted Caramel Cashew & Choc 5 Pack,Nice & Natural,Pantry,4.55,6.5,True,30.0,200g,2.28,100G,,0,2026-06-18T14:40:52Z
woolworths,ww_218926,Woolworths Corn Sweet Kernels,Woolworths,Pantry,1.05,1.05,False,0.0,420g,2.5,1KG,,0,2026-06-18T14:40:52Z
woolworths,ww_748597,Woolworths Skim Long Life Milk UHT,Woolworths,Pantry,1.85,1.85,False,0.0,1L,1.85,1L,,0,2026-06-18T14:40:52Z
woolworths,ww_311488,Essentials Diced Tomatoes,Essentials,Pantry,0.95,0.95,False,0.0,400g,2.38,1KG,,0,2026-06-18T14:40:52Z
woolworths,ww_476700,Woolworths Tuna In Springwater,Woolworths,Pantry,1.1,1.1,False,0.0,95g,11.58,1KG,,0,2026-06-18T14:40:52Z
woolworths,ww_33282,Essentials Plain Flour,Essentials,Pantry,1.3,1.3,False,0.0,1kg,1.3,1KG,,0,2026-06-18T14:40:52Z
woolworths,ww_200695,Weet-Bix Breakfast Cereal,Weet-Bix,Pantry,7.0,7.0,False,0.0,1.2kg,0.58,100G,,0,2026-06-18T14:40:52Z
woolworths,ww_37250,Greenseas Tuna Chunks In Springwater CHUNK IN SPRING WATER,Greenseas,Pantry,1.35,1.7,True,20.6,95g,14.21,1KG,,0,2026-06-18T14:40:52Z
woolworths,ww_83235,Deep Cove Sardines In Springwater,Deep Cove,Pantry,1.1,1.1,False,0.0,125g,8.8,1KG,,0,2026-06-18T14:40:52Z
woolworths,ww_63005,La Gina Italian Tomato Paste Passata,La Gina,Pantry,1.95,1.95,False,0.0,680g,0.29,100G,,0,2026-06-18T14:40:52Z
woolworths,ww_360346,Woolworths Microwave Jasmine Rice,Woolworths,Pantry,1.8,1.8,False,0.0,250g,0.72,100G,,0,2026-06-18T14:40:52Z
woolworths,ww_94706,Essentials White Vinegar,Essentials,Pantry,1.85,1.85,False,0.0,2L,0.09,100ML,,0,2026-06-18T14:40:52Z
woolworths,ww_694751,Essentials Coconut Milk,Essentials,Pantry,1.7,1.7,False,0.0,400mL,0.43,100ML,,0,2026-06-18T14:40:52Z
woolworths,ww_799811,Woolworths Free From Lactose Full Cream Long Life Milk UHT,Woolworths,Pantry,2.1,2.1,False,0.0,1L,2.1,1L,,0,2026-06-18T14:40:52Z
woolworths,ww_748596,Woolworths Lite Long Life Milk UHT,Woolworths,Pantry,1.85,1.85,False,0.0,1L,1.85,1L,,0,2026-06-18T14:40:52Z
woolworths,ww_346830,Woolworths Pasta Spaghetti,Woolworths,Pantry,1.0,1.0,False,0.0,500g,0.2,100G,,0,2026-06-18T14:40:52Z
woolworths,ww_576220,Woolworths Diced Australian Tomatoes,Woolworths,Pantry,1.3,1.3,False,0.0,400g,3.25,1KG,,0,2026-06-18T14:40:52Z
woolworths,ww_346833,Woolworths Pasta Spirals,Woolworths,Pantry,1.0,1.0,False,0.0,500g,0.2,100G,,0,2026-06-18T14:40:52Z
woolworths,ww_77750,Campbell's Real Stock Chicken Liquid Stock,Campbell's,Pantry,2.25,4.5,True,50.0,1L,0.23,100ML,,0,2026-06-18T14:40:52Z
woolworths,ww_56731,Bonsoy Soy Long Life Milk UHT,Bonsoy,Pantry,4.5,4.5,False,0.0,1L,4.5,1L,,0,2026-06-18T14:40:52Z
woolworths,ww_700642,Macro Organic Tomatoes Diced,Macro,Pantry,1.6,1.6,False,0.0,400g,4.0,1KG,,0,2026-06-18T14:40:52Z
woolworths,ww_177972,Indomie Mi Goreng Instant Noodles,Indomie,Pantry,3.95,3.95,False,0.0,425g 5 pack,0.93,100G,,0,2026-06-18T14:40:52Z
woolworths,ww_907377,Woolworths Black Beans,Woolworths,Pantry,1.0,1.0,False,0.0,420g,2.38,1KG,,0,2026-06-18T14:40:52Z
woolworths,ww_35007,Essentials Long Grain Rice Long Grain,Essentials,Pantry,1.8,1.8,False,0.0,1kg,0.18,100G,,0,2026-06-18T14:40:52Z
woolworths,ww_31370,Essentials Coconut Cream,Essentials,Pantry,1.7,1.7,False,0.0,400mL,0.43,100ML,,0,2026-06-18T14:40:52Z
woolworths,ww_684034,Macro Organic Coconut Milk,Macro,Pantry,2.1,2.1,False,0.0,400mL,0.53,100ML,,0,2026-06-18T14:40:52Z
woolworths,ww_779130,Woolworths Soy Long Life Milk UHT,Woolworths,Pantry,1.75,1.75,False,0.0,1L,1.75,1L,,0,2026-06-18T14:40:52Z
woolworths,ww_344550,Mutti Polpa Finely Chopped Tomatoes,Mutti,Pantry,2.3,2.3,False,0.0,400g,5.75,1KG,,0,2026-06-18T14:40:52Z
woolworths,ww_188800,Essentials Pasta Penne,Essentials,Pantry,0.9,0.9,False,0.0,500g,0.18,100G,,0,2026-06-18T14:40:52Z
woolworths,ww_236393,Woolworths Diced Italian Tomatoes,Woolworths,Pantry,2.0,2.0,False,0.0,800g,2.5,1KG,,0,2026-06-18T14:40:52Z
woolworths,ww_6076346,Indomie Instant Noodles Mi Goreng Spicy Beef Flavour,Indomie,Pantry,3.95,3.95,False,0.0,425g 5 pack,0.93,100G,,0,2026-06-18T14:40:52Z
woolworths,ww_796439,Vegemite Spread,Vegemite,Pantry,6.0,7.7,True,22.1,380g,1.58,100G,,0,2026-06-18T14:40:52Z
woolworths,ww_99696,MasterFoods Barbecue Sauce,MasterFoods,Pantry,2.8,4.2,True,33.3,500mL,0.56,100ML,,0,2026-06-18T14:40:52Z
woolworths,ww_6071742,Cadbury Baking Chips Milk Chocolate,Cadbury,Pantry,8.4,8.4,False,0.0,360g,2.33,100G,,0,2026-06-18T14:40:52Z
woolworths,ww_758377,Dolmio Classic Tomato With Basil Pasta Sauce,Dolmio,Pantry,2.5,2.5,False,0.0,500g,0.5,100G,,0,2026-06-18T14:40:52Z
woolworths,ww_230519,Woolworths Tomato Sauce Squeeze,Woolworths,Pantry,2.0,2.0,False,0.0,500mL,0.4,100ML,,0,2026-06-18T14:40:52Z
woolworths,ww_62735,Fantastic Chicken Noodle Cup,Fantastic,Pantry,1.75,1.75,False,0.0,70g,2.5,100G,,0,2026-06-18T14:40:52Z
woolworths,ww_85488,Sirena Tuna In Chilli Oil,Sirena,Pantry,2.95,2.95,False,0.0,95g,31.05,1KG,,0,2026-06-18T14:40:52Z
woolworths,ww_744490,Sanitarium So Good Unsweetened Almond Long Life Milk UHT,Sanitarium,Pantry,3.0,3.0,False,0.0,1L,3.0,1L,,0,2026-06-18T14:40:52Z
woolworths,ww_21568,Greenseas Tuna In Extra Virgin Olive Oil Blend,Greenseas,Pantry,1.35,1.7,True,20.6,95g,14.21,1KG,,0,2026-06-18T14:40:52Z
woolworths,ww_360348,Woolworths Microwave Basmati Rice,Woolworths,Pantry,1.8,1.8,False,0.0,250g,0.72,100G,,0,2026-06-18T14:40:52Z
woolworths,ww_38288,Dilmah Premium Quality Tea Bags,Dilmah,Pantry,4.3,7.2,True,40.3,100 pack,0.04,1EA,,0,2026-06-18T14:40:52Z
woolworths,ww_947246,Ben's Original Special Fried Rice,Ben's Original,Pantry,2.0,4.0,True,50.0,250g,0.8,100G,,0,2026-06-18T14:40:52Z
woolworths,ww_6005143,Cholula Salsa Verde,Cholula,Pantry,7.25,7.25,False,0.0,340g,2.13,100G,,0,2026-06-18T14:40:52Z
woolworths,ww_6016935,MasterFoods Garlic Powder,MasterFoods,Pantry,3.5,3.5,False,0.0,45g,0.78,10G,,0,2026-06-18T14:40:52Z
woolworths,ww_6017834,Essentials French Onion Soup,Essentials,Pantry,0.55,0.55,False,0.0,40g,1.38,100G,,0,2026-06-18T14:40:52Z
woolworths,ww_93444,Old El Paso Taco Spice Mix Taco Spice Mix,Old El Paso,Pantry,2.7,2.7,False,0.0,30g,9.0,100G,,0,2026-06-18T14:40:52Z
woolworths,ww_34004,Essentials Tomato Paste,Essentials,Pantry,1.4,1.4,False,0.0,500g,0.28,100G,,0,2026-06-18T14:40:52Z
woolworths,ww_77384,Woolworths Minced Garlic,Woolworths,Pantry,1.25,1.25,False,0.0,250g,0.05,10G,,0,2026-06-18T14:40:52Z
woolworths,ww_779134,Woolworths Unsweetened Almond Long Life Milk UHT,Woolworths,Pantry,1.85,1.85,False,0.0,1L,1.85,1L,,0,2026-06-18T14:40:52Z
woolworths,ww_47682,Woolworths Baked Beans In Tomato Sauce,Woolworths,Pantry,1.1,1.1,False,0.0,420g,0.26,100G,,0,2026-06-18T14:40:52Z
woolworths,ww_297000,Macro Organic Coconut Cream,Macro,Pantry,2.1,2.1,False,0.0,400mL,0.53,100ML,,0,2026-06-18T14:40:52Z
woolworths,ww_58537,Essentials White Sugar,Essentials,Pantry,1.8,1.8,False,0.0,1kg,0.18,100G,,0,2026-06-18T14:40:52Z
woolworths,ww_24318,Sanitarium So Good Soy Regular Long Life Milk UHT,Sanitarium,Pantry,2.4,2.4,False,0.0,1L,2.4,1L,,0,2026-06-18T14:40:52Z
woolworths,ww_730998,Pauls Zymil Lactose Free Full Cream Long Life Milk UHT,Pauls,Pantry,3.0,3.0,False,0.0,1L,3.0,1L,,0,2026-06-18T14:40:52Z
woolworths,ww_371052,Sunrice Microwave Jasmine Rice Cup Fragrant Jasmine Rice,Sunrice,Pantry,3.55,3.55,False,0.0,125g x 2 pack,1.42,100G,,0,2026-06-18T14:40:52Z
woolworths,ww_720342,Essentials Brown Sugar,Essentials,Pantry,3.3,3.3,False,0.0,1kg,0.33,100G,,0,2026-06-18T14:40:52Z
woolworths,ww_6024088,La Mesita Taco Seasoning Mild,La Mesita,Pantry,1.25,1.25,False,0.0,35g,3.57,100G,,0,2026-06-18T14:40:52Z
woolworths,ww_907049,Woolworths Red Kidney Beans,Woolworths,Pantry,1.0,1.0,False,0.0,420g,2.38,1KG,,0,2026-06-18T14:40:52Z
woolworths,ww_77385,Woolworths Minced Garlic,Woolworths,Pantry,2.3,2.3,False,0.0,500g,0.05,10G,,0,2026-06-18T14:40:52Z
woolworths,ww_694550,Woolworths Basmati Rice,Woolworths,Pantry,4.0,4.0,False,0.0,1kg,0.4,100G,,0,2026-06-18T14:40:52Z
woolworths,ww_450687,Leggo's Bolognese Chunky Tomato Garlic & Herbs Pasta Sauce,Leggo's,Pantry,2.3,3.3,True,30.3,500g,0.46,100G,,0,2026-06-18T14:40:52Z
woolworths,ww_292796,Cottee's Strawberry Jam,Cottee's,Pantry,3.8,3.8,False,0.0,375g,1.01,100G,,0,2026-06-18T14:40:52Z
woolworths,ww_663584,Macro Organic Black Bean No Added Salt,Macro,Pantry,1.5,1.5,False,0.0,420g,3.57,1KG,,0,2026-06-18T14:40:52Z
woolworths,ww_83295,Woolworths Panko Bread Crumbs,Woolworths,Pantry,2.3,2.3,False,0.0,220g,1.05,100G,,0,2026-06-18T14:40:52Z
woolworths,ww_298476,Woolworths 100% Canadian Maple Syrup,Woolworths,Pantry,6.0,6.0,False,0.0,250mL,2.4,100ML,,0,2026-06-18T14:40:52Z
woolworths,ww_720343,Essentials Caster Sugar,Essentials,Pantry,2.2,2.2,False,0.0,1kg,0.22,100G,,0,2026-06-18T14:40:52Z
woolworths,ww_178262,Annalisa Chickpeas,Annalisa,Pantry,1.9,1.9,False,0.0,400g,4.75,1KG,,0,2026-06-18T14:40:52Z
woolworths,ww_33296,Essentials Self Raising Flour,Essentials,Pantry,1.3,1.3,False,0.0,1kg,1.3,1KG,,0,2026-06-18T14:40:52Z
woolworths,ww_5743,Essentials White Sugar,Essentials,Pantry,2.6,2.6,False,0.0,2kg,0.13,100G,,0,2026-06-18T14:40:52Z
woolworths,ww_39128,Essentials Cornflour,Essentials,Pantry,2.25,2.25,False,0.0,500g,4.5,1KG,,0,2026-06-18T14:40:52Z
woolworths,ww_147314,Nutella Hazelnut Chocolate Spread Spread,Nutella,Pantry,12.5,12.5,False,0.0,750g,1.67,100G,,0,2026-06-18T14:40:52Z
woolworths,ww_18169,Essentials Raw Sugar,Essentials,Pantry,1.8,1.8,False,0.0,1kg,0.18,100G,,0,2026-06-18T14:40:52Z
woolworths,ww_98046,Bega Peanut Butter Smooth,Bega,Pantry,6.9,6.9,False,0.0,470g,1.47,100G,,0,2026-06-18T14:40:52Z
woolworths,ww_318680,Twinings Pure Green Tea Bags Bags,Twinings,Pantry,6.75,13.5,True,50.0,100 pack,0.07,1EA,,0,2026-06-18T14:40:52Z
woolworths,ww_758342,Dolmio Extra Tomato Onion & Roast Garlic Pasta Sauce,Dolmio,Pantry,4.6,4.6,False,0.0,500g,0.92,100G,,0,2026-06-18T14:40:52Z
woolworths,ww_6054645,Noshu Protein Plus Keto Pro Bars Crunchy Cookie Butter,Noshu,Pantry,5.9,7.9,True,25.3,5 pack,3.28,100G,,0,2026-06-18T14:40:52Z
woolworths,ww_858008,PureHarvest Organic Almond Unsweetened Long Life Milk UH,PureHarvest,Pantry,2.6,3.4,True,23.5,1L,2.6,1L,,0,2026-06-18T14:40:52Z
woolworths,ww_563001,Woolworths Pineapple Slices In Juice,Woolworths,Pantry,2.0,2.0,False,0.0,425g,4.71,1KG,,0,2026-06-18T14:40:52Z
woolworths,ww_90260,Essentials Tomato Paste,Essentials,Pantry,0.95,0.95,False,0.0,170g,0.56,100G,,0,2026-06-18T14:40:52Z
woolworths,ww_178886,Essentials Tuna Chunks In Spring Water,Essentials,Pantry,3.3,3.3,False,0.0,425g,7.76,1KG,,0,2026-06-18T14:40:52Z
woolworths,ww_552488,Woolworths Brown Rice Microwave Cups,Woolworths,Pantry,2.2,2.2,False,0.0,2 pack,0.88,100G,,0,2026-06-18T14:40:52Z
woolworths,ww_346831,Woolworths Pasta Penne Rigate,Woolworths,Pantry,1.0,1.0,False,0.0,500g,0.2,100G,,0,2026-06-18T14:40:52Z
woolworths,ww_196566,Dilmah Extra Strength Tea Bags,Dilmah,Pantry,5.3,8.8,True,39.8,100 pack,0.05,1EA,,0,2026-06-18T14:40:52Z
woolworths,ww_36557,MasterFoods Mild American Mustard Mild American Mustard,MasterFoods,Pantry,4.2,4.2,False,0.0,250g,1.68,100G,,0,2026-06-18T14:40:52Z
woolworths,ww_6072786,Masterfoods Garlic Truffle Seasoning,Masterfoods,Pantry,4.95,4.95,False,0.0,50g,0.99,10G,,0,2026-06-18T14:40:52Z
woolworths,ww_6062572,Masterfoods Signature Sauce,Masterfoods,Pantry,4.8,4.8,False,0.0,250mL,1.92,100ML,,0,2026-06-18T14:40:52Z
woolworths,ww_144821,Sirena Tuna In Springwater,Sirena,Pantry,2.95,2.95,False,0.0,95g,31.05,1KG,,0,2026-06-18T14:40:52Z
woolworths,ww_280512,Vegemite Spread,Vegemite,Pantry,9.9,9.9,False,0.0,560g,1.77,100G,,0,2026-06-18T14:40:52Z
woolworths,ww_476701,Woolworths Tuna In Oil,Woolworths,Pantry,1.1,1.1,False,0.0,95g,11.58,1KG,,0,2026-06-18T14:40:52Z
woolworths,ww_251020,Woolworths Garlic Powder,Woolworths,Pantry,2.0,2.0,False,0.0,50g,0.4,10G,,0,2026-06-18T14:40:52Z
woolworths,ww_346837,Woolworths Pasta Macaroni,Woolworths,Pantry,1.0,1.0,False,0.0,500g,0.2,100G,,0,2026-06-18T14:40:52Z
woolworths,ww_83237,Deep Cove Sardines In Oil,Deep Cove,Pantry,1.1,1.1,False,0.0,125g,8.8,1KG,,0,2026-06-18T14:40:52Z
woolworths,ww_178887,Essentials Tuna Chunks In Spring Water,Essentials,Pantry,1.7,1.7,False,0.0,185g,9.19,1KG,,0,2026-06-18T14:40:52Z
woolworths,ww_6076225,Fantastic Smokehouse BBQ Chicken Noodle Cup,Fantastic,Pantry,1.75,1.75,False,0.0,70g,2.5,100G,,0,2026-06-18T14:40:52Z
woolworths,ww_700648,Macro Organic Passata,Macro,Pantry,2.5,2.5,False,0.0,700g,0.36,100G,,0,2026-06-18T14:40:52Z
woolworths,ww_105914,Nestle Sweetened Condensed Milk,Nestle,Pantry,4.0,4.0,False,0.0,395g,1.01,100G,,0,2026-06-18T14:40:52Z
woolworths,ww_89160,Cloverdale Pure Honey Squeeze,Cloverdale,Pantry,4.2,4.2,False,0.0,400g,1.05,100G,,0,2026-06-18T14:40:52Z
woolworths,ww_321220,Woolworths Rolled Traditional Oats,Woolworths,Pantry,1.6,1.6,False,0.0,750g,0.21,100G,,0,2026-06-18T14:40:52Z
woolworths,ww_230367,Devondale Semi Skim Long Life Milk UHT,Devondale,Pantry,2.2,2.2,False,0.0,1L,2.2,1L,,0,2026-06-18T14:40:52Z
woolworths,ww_43974,San Remo Spaghetti Pasta No 5,San Remo,Pantry,2.95,2.95,False,0.0,500g,0.59,100G,,0,2026-06-18T14:40:52Z
woolworths,ww_258479,Woolworths Pizza Sauce Squeeze Bottle,Woolworths,Pantry,2.5,2.5,False,0.0,415g,0.6,100G,,0,2026-06-18T14:40:52Z
woolworths,ww_148781,Vitasoy Oat Milky Long Life Milk UHT,Vitasoy,Pantry,3.0,3.0,False,0.0,1L,3.0,1L,,0,2026-06-18T14:40:52Z
woolworths,ww_120207,Sanitarium So Good Oat No Added Sugar Long Life Milk UHT,Sanitarium,Pantry,3.0,3.0,False,0.0,1L,3.0,1L,,0,2026-06-18T14:40:52Z
woolworths,ww_360343,Woolworths Microwave Long Grain White Rice,Woolworths,Pantry,1.8,1.8,False,0.0,250g,0.72,100G,,0,2026-06-18T14:40:52Z
woolworths,ww_701706,Kellogg's Nutri Grain Protein Breakfast Cereal,Kellogg's,Pantry,7.0,7.0,False,0.0,290g,2.41,100G,,0,2026-06-18T14:40:52Z
woolworths,ww_360352,Woolworths Microwave White Long Grain Rice Family,Woolworths,Pantry,2.75,2.75,False,0.0,450g,0.61,100G,,0,2026-06-18T14:40:52Z
woolworths,ww_215451,Macro Organic Spirals Pasta,Macro,Pantry,1.95,1.95,False,0.0,500g,0.39,100G,,0,2026-06-18T14:40:52Z
woolworths,ww_144283,Campbell's Real Stock Chicken Salt Reduced,Campbell's,Pantry,2.25,4.5,True,50.0,1L,0.23,100ML,,0,2026-06-18T14:40:52Z
woolworths,ww_753340,Woolworths Pesto Basil,Woolworths,Pantry,1.95,1.95,False,0.0,190g,1.03,100G,,0,2026-06-18T14:40:52Z
woolworths,ww_89159,Cloverdale Pure Honey Twist & Squeeze,Cloverdale,Pantry,3.3,3.3,False,0.0,375g,0.88,100G,,0,2026-06-18T14:40:52Z
woolworths,ww_521391,Choice Chicken Noodle Cup,Choice,Pantry,1.0,1.0,False,0.0,70g,1.43,100G,,0,2026-06-18T14:40:52Z
woolworths,ww_35742,San Remo Penne Pasta No 18,San Remo,Pantry,2.95,2.95,False,0.0,500g,0.59,100G,,0,2026-06-18T14:40:52Z
woolworths,ww_907048,Woolworths Four Bean Mix,Woolworths,Pantry,1.0,1.0,False,0.0,420g,2.38,1KG,,0,2026-06-18T14:40:52Z
woolworths,ww_34559,Campbell's Real Stock Chicken Liquid Stock,Campbell's,Pantry,2.75,2.75,False,0.0,500mL,0.55,100ML,,0,2026-06-18T14:40:52Z
woolworths,ww_310251,Woolworths Chicken Liquid Stock,Woolworths,Pantry,1.9,1.9,False,0.0,1L,0.19,100ML,,0,2026-06-18T14:40:52Z
woolworths,ww_6004674,Pringles Minis Variety Mix Potato Chips,Pringles,Snacks,7.5,7.5,False,0.0,228g 12 pack,3.29,100G,,0,2026-06-18T14:40:52Z
woolworths,ww_258076,Tasty Mix Chips Variety Box,Tasty Mix,Snacks,8.9,8.9,False,0.0,20 pack,2.42,100G,,0,2026-06-18T14:40:52Z
woolworths,ww_6073819,The Natural Confectionery Co. Mega Snakes,The Natural Confectionery Co.,Snacks,5.0,5.0,False,0.0,170g,2.94,100G,,0,2026-06-18T14:40:52Z
woolworths,ww_641532,Arnott's Shapes Cracker Biscuits Variety,Arnott's,Snacks,6.0,6.0,False,0.0,15 pack,1.6,100G,,0,2026-06-18T14:40:52Z
woolworths,ww_826730,Smith's Crinkle Cut Potato Chips Original,Smith's,Snacks,5.0,5.0,False,0.0,170g,2.94,100G,,0,2026-06-18T14:40:52Z
woolworths,ww_826738,Smith's Crinkle Cut Potato Chips Salt & Vinegar,Smith's,Snacks,5.0,5.0,False,0.0,170g,2.94,100G,,0,2026-06-18T14:40:52Z
woolworths,ww_820459,Cobs Sea Salt Popcorn,Cobs,Snacks,4.0,4.0,False,0.0,65g 5 pack,6.15,100G,,0,2026-06-18T14:40:52Z
woolworths,ww_71422,Real Foods Corn Thins Original,Real Foods,Snacks,1.65,2.1,True,21.4,150g,1.1,100G,,0,2026-06-18T14:40:52Z
woolworths,ww_340997,Woolworths Original Salted Corn Chips,Woolworths,Snacks,2.2,2.2,False,0.0,175g,1.26,100G,,0,2026-06-18T14:40:52Z
woolworths,ww_384250,Arnott's Jatz Original Crackers Biscuits,Arnott's,Snacks,2.4,4.0,True,40.0,225g,1.07,100G,,0,2026-06-18T14:40:52Z
woolworths,ww_317455,Oreo Mini Cookies Original Bags 10 pack,Oreo,Snacks,4.0,5.0,True,20.0,204g,1.96,100G,,0,2026-06-18T14:40:52Z
woolworths,ww_641538,Arnott's Tiny Teddy Hundreds & Thousands Biscuits,Arnott's,Snacks,4.0,5.0,True,20.0,8 pack,2.17,100G,,0,2026-06-18T14:40:52Z
woolworths,ww_816095,Pringles Minis Sour Cream & Onion Potato Chips,Pringles,Snacks,4.0,4.0,False,0.0,19g x 5 pack,4.21,100G,,0,2026-06-18T14:40:52Z
woolworths,ww_36022,Arnott's Cream Favourites Assorted Biscuits,Arnott's,Snacks,5.5,6.5,True,15.4,500g,1.1,100G,,0,2026-06-18T14:40:52Z
woolworths,ww_311121,Woolworths Mild Salsa,Woolworths,Snacks,1.9,1.9,False,0.0,300g,0.63,100G,,0,2026-06-18T14:40:52Z
woolworths,ww_36066,Arnott's Tim Tam Original Chocolate Biscuits,Arnott's,Snacks,6.0,6.0,False,0.0,200g,3.0,100G,,0,2026-06-18T14:40:52Z
woolworths,ww_331286,Woolworths Original Rice Crackers,Woolworths,Snacks,1.0,1.0,False,0.0,100g,1.0,100G,,0,2026-06-18T14:40:52Z
woolworths,ww_36019,Arnott's Salada Original Crispbreads,Arnott's,Snacks,3.4,3.4,False,0.0,250g,1.36,100G,,0,2026-06-18T14:40:52Z
woolworths,ww_826735,Smith's Crinkle Cut Potato Chips Cheese & Onion,Smith's,Snacks,5.0,5.0,False,0.0,170g,2.94,100G,,0,2026-06-18T14:40:52Z
woolworths,ww_510726,Woolworths Original Popcorn,Woolworths,Snacks,2.6,2.6,False,0.0,20g x 10 pack,1.3,100G,,0,2026-06-18T14:40:52Z
woolworths,ww_826729,Smith's Crinkle Cut Potato Chips Chicken,Smith's,Snacks,5.0,5.0,False,0.0,170g,2.94,100G,,0,2026-06-18T14:40:52Z
woolworths,ww_66527,Kinder Bueno Milk Chocolate Bar,Kinder,Snacks,1.5,3.0,True,50.0,43g,3.49,100G,,0,2026-06-18T14:40:52Z
woolworths,ww_826733,Smith's Crinkle Cut Potato Chips Barbecue,Smith's,Snacks,5.0,5.0,False,0.0,170g,2.94,100G,,0,2026-06-18T14:40:52Z
woolworths,ww_36013,Arnott's Scotch Finger Plain Biscuits,Arnott's,Snacks,3.3,3.3,False,0.0,250g,1.32,100G,,0,2026-06-18T14:40:52Z
woolworths,ww_299533,Peckish Rice Crackers Original,Peckish,Snacks,2.0,2.5,True,20.0,90g,2.22,100G,,0,2026-06-18T14:40:52Z
woolworths,ww_160905,Mars Chocolate Bar with Nougat & Caramel,Mars,Snacks,3.0,3.0,False,0.0,47g,6.38,100G,,0,2026-06-18T14:40:52Z
woolworths,ww_828996,Pascall Marshmallows Pink & White White Lollies,Pascall,Snacks,5.0,5.0,False,0.0,280g,1.79,100G,,0,2026-06-18T14:40:52Z
woolworths,ww_331285,Woolworths Tangy BBQ Rice Crackers,Woolworths,Snacks,1.0,1.0,False,0.0,100g,1.0,100G,,0,2026-06-18T14:40:52Z
woolworths,ww_6115,KitKat Chocolate Bar,KitKat,Snacks,3.0,3.0,False,0.0,42g,7.14,100G,,0,2026-06-18T14:40:52Z
woolworths,ww_377589,Cobs Popcorn Sea Salt Gluten Free,Cobs,Snacks,3.5,3.5,False,0.0,80g,4.38,100G,,0,2026-06-18T14:40:52Z
woolworths,ww_36031,Arnott's Monte Carlo Cream Biscuits,Arnott's,Snacks,4.0,4.0,False,0.0,250g,1.6,100G,,0,2026-06-18T14:40:52Z
woolworths,ww_758182,Woolworths Thin Brown Rice Cakes Original,Woolworths,Snacks,1.65,1.65,False,0.0,150g,1.1,100G,,0,2026-06-18T14:40:52Z
woolworths,ww_820458,Cobs Sweet & Salty Popcorn,Cobs,Snacks,4.0,4.0,False,0.0,65g 5 pack,6.15,100G,,0,2026-06-18T14:40:52Z
woolworths,ww_331595,Macro Organic Corn Chips Natural,Macro,Snacks,3.7,3.7,False,0.0,200g,1.85,100G,,0,2026-06-18T14:40:52Z
woolworths,ww_211973,The Natural Confectionery Co. Snakes Lollies,The Natural Confectionery Co.,Snacks,5.0,5.0,False,0.0,230g,2.17,100G,,0,2026-06-18T14:40:52Z
woolworths,ww_211982,The Natural Confectionery Co. Party Mix Lollies,The Natural Confectionery Co.,Snacks,5.0,5.0,False,0.0,220g,2.27,100G,,0,2026-06-18T14:40:52Z
woolworths,ww_378069,Woolworths Multigrain Brown Rice Crackers,Woolworths,Snacks,1.0,1.0,False,0.0,100g,1.0,100G,,0,2026-06-18T14:40:52Z
woolworths,ww_377593,Cobs Natural Popcorn Lightly Salted Slightly Sweet,Cobs,Snacks,3.5,3.5,False,0.0,120g,2.92,100G,,0,2026-06-18T14:40:52Z
woolworths,ww_781394,Red Rock Deli Potato Chips Honey Soy Chicken,Red Rock Deli,Snacks,6.0,6.0,False,0.0,165g,3.64,100G,,0,2026-06-18T14:40:52Z
woolworths,ww_587116,Woolworths Choc Chip Cookies Minis,Woolworths,Snacks,2.5,2.5,False,0.0,8 pack,1.39,100G,,0,2026-06-18T14:40:52Z
woolworths,ww_35231,Fantastic Rice Crackers Original,Fantastic,Snacks,2.5,2.5,False,0.0,100g,2.5,100G,,0,2026-06-18T14:40:52Z
woolworths,ww_261282,Ritz Original Crackers,Ritz,Snacks,3.0,3.5,True,14.3,227g,1.32,100G,,0,2026-06-18T14:40:52Z
woolworths,ww_641537,Arnott's Tiny Teddy Variety Biscuits,Arnott's,Snacks,6.0,6.0,False,0.0,15 pack,1.6,100G,,0,2026-06-18T14:40:52Z
woolworths,ww_36215,Arnott's Mint Slice Chocolate Biscuits,Arnott's,Snacks,3.3,5.5,True,40.0,200g,1.65,100G,,0,2026-06-18T14:40:52Z
woolworths,ww_160902,Milky Way Milk Chocolate Mini Bars Party Share Bag 15 Pieces,Milky Way,Snacks,7.5,7.5,False,0.0,180g 15 pack,4.17,100G,,0,2026-06-18T14:40:52Z
woolworths,ww_32257,Arnott's Tim Tam Double Chocolate Biscuits,Arnott's,Snacks,6.0,6.0,False,0.0,200g,3.0,100G,,0,2026-06-18T14:40:52Z
woolworths,ww_781370,Red Rock Deli Potato Chips Sweet Chilli & Sour Cream,Red Rock Deli,Snacks,6.0,6.0,False,0.0,165g,3.64,100G,,0,2026-06-18T14:40:52Z
woolworths,ww_781396,Red Rock Deli Potato Chips Sea Salt,Red Rock Deli,Snacks,6.0,6.0,False,0.0,165g,3.64,100G,,0,2026-06-18T14:40:52Z
woolworths,ww_707192,Tostitos Corn Tortilla Chips Share Pack Lightly Salted,Tostitos,Snacks,5.2,5.2,False,0.0,175g,2.97,100G,,0,2026-06-18T14:40:52Z
woolworths,ww_826731,Doritos Corn Chips Cheese Supreme Share Pack,Doritos,Snacks,2.5,5.0,True,50.0,170g,1.47,100G,,0,2026-06-18T14:40:52Z
woolworths,ww_340561,Woolworths Supreme Cheese Corn Chips,Woolworths,Snacks,2.2,2.2,False,0.0,175g,1.26,100G,,0,2026-06-18T14:40:52Z
woolworths,ww_6057214,Oreo Mini Cookies Original Bags 18 pack,Oreo,Snacks,7.0,7.0,False,0.0,367g,1.91,100G,,0,2026-06-18T14:40:52Z
woolworths,ww_781980,Extra Spearmint Sugar Free Chewing Gum Bottle,Extra,Snacks,5.0,5.0,False,0.0,64g,7.81,100G,,0,2026-06-18T14:40:52Z
woolworths,ww_79773,Fun Mix Chips Variety,Fun Mix,Snacks,8.9,8.9,False,0.0,20 pack,2.37,100G,,0,2026-06-18T14:40:52Z
woolworths,ww_6034120,Whittaker's Banana Caramel Chocolate Block,Whittaker's,Snacks,9.0,9.0,False,0.0,250g,3.6,100G,,0,2026-06-18T14:40:52Z
woolworths,ww_384245,Arnott's Shapes Chicken Crimpy Cracker Biscuits,Arnott's,Snacks,2.0,4.0,True,50.0,175g,1.14,100G,,0,2026-06-18T14:40:52Z
woolworths,ww_36033,Arnott's Shortbread Cream Biscuits,Arnott's,Snacks,4.0,4.0,False,0.0,250g,1.6,100G,,0,2026-06-18T14:40:52Z
woolworths,ww_299946,Red Rock Deli Potato Chips Variety,Red Rock Deli,Snacks,8.9,8.9,False,0.0,28g x 10 pack,3.18,100G,,0,2026-06-18T14:40:52Z
woolworths,ww_36059,Arnott's Cruskits Original Crispbreads,Arnott's,Snacks,4.0,4.0,False,0.0,125g,3.2,100G,,0,2026-06-18T14:40:52Z
woolworths,ww_814479,Cadbury Dairy Milk Chocolate Block,Cadbury,Snacks,8.0,8.0,False,0.0,180g,4.44,100G,,0,2026-06-18T14:40:52Z
woolworths,ww_956027,Sakata Rice Crackers Original Plain,Sakata,Snacks,2.5,2.5,False,0.0,90g,2.78,100G,,0,2026-06-18T14:40:52Z
woolworths,ww_206890,Snickers Chocolate Bar Peanuts Caramel Nougat,Snickers,Snacks,3.0,3.0,False,0.0,44g,6.82,100G,,0,2026-06-18T14:40:52Z
woolworths,ww_485436,Arnott's Shapes Barbecue Cracker Biscuits,Arnott's,Snacks,2.0,4.0,True,50.0,175g,1.14,100G,,0,2026-06-18T14:40:52Z
woolworths,ww_36072,Arnott's Raspberry Shortcake Biscuits,Arnott's,Snacks,4.0,4.0,False,0.0,250g,1.6,100G,,0,2026-06-18T14:40:52Z
woolworths,ww_497649,Woolworths Chocolate Creme Wafer Biscuits,Woolworths,Snacks,0.8,0.8,False,0.0,125g,0.64,100G,,0,2026-06-18T14:40:52Z
woolworths,ww_180279,Cobs Best Ever Butter Popcorn,Cobs,Snacks,4.0,4.0,False,0.0,65g 5 pack,6.15,100G,,0,2026-06-18T14:40:52Z
woolworths,ww_729278,Woolworths Microwave Popcorn Butter Flavoured,Woolworths,Snacks,0.95,0.95,False,0.0,100g,0.95,100G,,0,2026-06-18T14:40:52Z
woolworths,ww_267172,Sunrice Thin Rice Cakes Sour Cream & Chives,Sunrice,Snacks,2.1,2.5,True,16.0,160g,1.31,100G,,0,2026-06-18T14:40:52Z
woolworths,ww_36720,Arnott's Kingston Cream Biscuits,Arnott's,Snacks,4.0,4.0,False,0.0,200g,2.0,100G,,0,2026-06-18T14:40:52Z
woolworths,ww_824442,Woolworths Arrowroot Milk Biscuits,Woolworths,Snacks,1.5,1.5,False,0.0,250g,0.6,100G,,0,2026-06-18T14:40:52Z
woolworths,ww_840556,Cadbury Dairy Milk Caramel Chocolate Caramello Koala,Cadbury,Snacks,2.0,2.0,False,0.0,35g,5.71,100G,,0,2026-06-18T14:40:52Z
woolworths,ww_299513,Peckish Flavoured Rice Crackers Cheddar Cheese,Peckish,Snacks,2.0,2.5,True,20.0,90g,2.22,100G,,0,2026-06-18T14:40:52Z
woolworths,ww_824408,Woolworths Scotch Finger Biscuits,Woolworths,Snacks,1.25,1.25,False,0.0,250g,0.5,100G,,0,2026-06-18T14:40:52Z
woolworths,ww_829166,Cadbury Twirl Milk Chocolate Mini Bars,Cadbury,Snacks,3.75,7.5,True,50.0,12 pack,2.23,100G,,0,2026-06-18T14:40:52Z
woolworths,ww_326628,Cadbury Dairy Milk Freddo Chocolate,Cadbury,Snacks,2.0,2.0,False,0.0,35g,5.71,100G,,0,2026-06-18T14:40:52Z
woolworths,ww_172188,Cobs Natural Popcorn Best Ever Butter,Cobs,Snacks,3.5,3.5,False,0.0,90g,3.89,100G,,0,2026-06-18T14:40:52Z
woolworths,ww_6019911,Parker's Baked Pretzels Mini Minis,Parker's,Snacks,4.0,6.0,True,33.3,25g x 8 pack,2.0,100G,,0,2026-06-18T14:40:52Z
woolworths,ww_617552,Lotus Biscoff Biscuit,Lotus,Snacks,2.65,2.65,False,0.0,8 pack,2.14,100G,,0,2026-06-18T14:40:52Z
woolworths,ww_245847,Top 20 Variety Chips Lunch Box Snacks,Top 20,Snacks,7.5,7.5,False,0.0,20 pack,2.0,100G,,0,2026-06-18T14:40:52Z
woolworths,ww_479502,Pringles Sour Cream & Onion Potato Chips,Pringles,Snacks,3.3,5.5,True,40.0,134g,2.46,100G,,0,2026-06-18T14:40:52Z
woolworths,ww_869235,Nutella Hazelnut Chocolate Spread With Breadsticks,Nutella,Snacks,1.4,2.8,True,50.0,48g,2.92,100G,,0,2026-06-18T14:40:52Z
woolworths,ww_109586,Cadbury Curly Wurly Milk Chocolate Bar Chocolate Bar,Cadbury,Snacks,2.0,2.0,False,0.0,21.5g,9.3,100G,,0,2026-06-18T14:40:52Z
woolworths,ww_814894,Cadbury Dairy Milk Marvellous Creation Jelly Popping Chocolate Block,Cadbury,Snacks,8.0,8.0,False,0.0,190g,4.21,100G,,0,2026-06-18T14:40:52Z
woolworths,ww_71324,Woolworths Coconut Fine Desiccated,Woolworths,Snacks,4.9,4.9,False,0.0,500g,9.8,1KG,,0,2026-06-18T14:40:52Z
woolworths,ww_781402,Red Rock Deli Potato Chips Sea Salt & Balsamic Vinegar,Red Rock Deli,Snacks,6.0,6.0,False,0.0,165g,3.64,100G,,0,2026-06-18T14:40:52Z
woolworths,ww_245856,Smith's Crinkle Cut Potato Chips Variety,Smith's,Snacks,8.9,8.9,False,0.0,20 pack,2.34,100G,,0,2026-06-18T14:40:52Z
woolworths,ww_36013,Arnott's Scotch Finger Plain Biscuits,Arnott's,Snacks,3.3,3.3,False,0.0,250g,1.32,100G,,0,2026-06-18T14:40:52Z
woolworths,ww_6019911,Parker's Baked Pretzels Mini Minis,Parker's,Snacks,4.0,6.0,True,33.3,25g x 8 pack,2.0,100G,,0,2026-06-18T14:40:52Z
woolworths,ww_384250,Arnott's Jatz Original Crackers Biscuits,Arnott's,Snacks,2.4,4.0,True,40.0,225g,1.07,100G,,0,2026-06-18T14:40:52Z
woolworths,ww_97482,Arnott's Vita Weat 9 Grain Crispbreads,Arnott's,Snacks,4.0,4.0,False,0.0,250g,1.6,100G,,0,2026-06-18T14:40:52Z
woolworths,ww_250746,The Natural Confectionery Co. Fruity Chews Lollies,The Natural Confectionery Co.,Snacks,5.0,5.0,False,0.0,180g,2.78,100G,,0,2026-06-18T14:40:52Z
woolworths,ww_829175,Cadbury Dairy Milk Chocolate Caramello Koala,Cadbury,Snacks,3.75,7.5,True,50.0,180g 12 pack,2.08,100G,,0,2026-06-18T14:40:52Z
woolworths,ww_247119,Macy and Tailor Classic Pretzels,Macy and Tailor,Snacks,2.0,2.0,False,0.0,200g,1.0,100G,,0,2026-06-18T14:40:52Z
woolworths,ww_36009,Arnott's Milk Arrowroot Biscuits,Arnott's,Snacks,2.5,2.5,False,0.0,250g,1.0,100G,,0,2026-06-18T14:40:52Z
woolworths,ww_814624,Cadbury Dairy Milk Top Deck Chocolate Block,Cadbury,Snacks,8.0,8.0,False,0.0,180g,4.44,100G,,0,2026-06-18T14:40:52Z
woolworths,ww_160838,Mars Milk Chocolate Bar Party Share Bag 20 Pieces,Mars,Snacks,8.0,8.0,False,0.0,320g,2.5,100G,,0,2026-06-18T14:40:52Z
woolworths,ww_224461,Whittaker's Coconut Slab,Whittaker's,Snacks,3.0,3.0,False,0.0,50g,6.0,100G,,0,2026-06-18T14:40:52Z
woolworths,ww_774205,Nice & Natural Fruit Fun Mix Variety Multi Pack School Snacks Gluten Free,Nice & Natural,Snacks,8.0,8.0,False,0.0,16 pack,2.94,100G,,0,2026-06-18T14:40:52Z
woolworths,ww_435459,Sunbites Crackers Mix Variety,Sunbites,Snacks,5.5,5.5,False,0.0,24g x 12 pack,1.91,100G,,0,2026-06-18T14:40:52Z
woolworths,ww_140784,Captain's Table Classic Water Crackers,Captain's Table,Snacks,2.2,2.2,False,0.0,125g,1.76,100G,,0,2026-06-18T14:40:52Z
woolworths,ww_641537,Arnott's Tiny Teddy Variety Biscuits,Arnott's,Snacks,6.0,6.0,False,0.0,15 pack,1.6,100G,,0,2026-06-18T14:40:52Z
woolworths,ww_711773,Woolworths Popcorn Sweet & Salty,Woolworths,Snacks,2.6,2.6,False,0.0,10 pack,1.3,100G,,0,2026-06-18T14:40:52Z
woolworths,ww_955845,Sakata Rice Crackers Seaweed Snack,Sakata,Snacks,2.5,2.5,False,0.0,80g,3.13,100G,,0,2026-06-18T14:40:52Z
woolworths,ww_210151,Arnott's Premier Chocolate Chip Cookies,Arnott's,Snacks,5.5,5.5,False,0.0,310g,1.77,100G,,0,2026-06-18T14:40:52Z
woolworths,ww_98361,Cadbury Chomp Caramel Milk Chocolate Bar,Cadbury,Snacks,2.0,2.0,False,0.0,30g,6.67,100G,,0,2026-06-18T14:40:52Z
woolworths,ww_70772,Woolworths Traditional Cracker,Woolworths,Snacks,1.0,1.0,False,0.0,250g,0.4,100G,,0,2026-06-18T14:40:52Z
woolworths,ww_4021,Real Foods Corn Thins Multigrain,Real Foods,Snacks,1.65,2.1,True,21.4,150g,1.1,100G,,0,2026-06-18T14:40:52Z
woolworths,ww_82361,Sunbites Grain Waves Wholegrain Chips Sour Cream & Chives,Sunbites,Snacks,2.5,5.0,True,50.0,170g,1.47,100G,,0,2026-06-18T14:40:52Z
woolworths,ww_814558,Cadbury Dairy Milk Hazelnut Chocolate Block,Cadbury,Snacks,8.0,8.0,False,0.0,180g,4.44,100G,,0,2026-06-18T14:40:52Z
woolworths,ww_824365,Woolworths Plain Water Crackers,Woolworths,Snacks,0.95,0.95,False,0.0,125g,0.76,100G,,0,2026-06-18T14:40:52Z
woolworths,ww_721581,Mother Earth Chocolate Chip Oaty Slice,Mother Earth,Snacks,3.8,3.8,False,0.0,40g x 6 pack,1.58,100G,,0,2026-06-18T14:40:52Z
woolworths,ww_6072641,Sakata Plain Rice Crackers,Sakata,Snacks,4.5,4.5,False,0.0,230g,1.96,100G,,0,2026-06-18T14:40:52Z
woolworths,ww_497685,Woolworths Vanilla Creme Wafer Biscuits,Woolworths,Snacks,0.8,0.8,False,0.0,125g,0.64,100G,,0,2026-06-18T14:40:52Z
woolworths,ww_501408,Woolworths Snapz Original Crackers,Woolworths,Snacks,1.8,1.8,False,0.0,250g,0.72,100G,,0,2026-06-18T14:40:52Z
woolworths,ww_815875,Woolworths Dried Mango Slices,Woolworths,Snacks,4.0,4.0,False,0.0,130g,30.77,1KG,,0,2026-06-18T14:40:52Z
woolworths,ww_515173,Arnott's Shapes Pizza Cracker Biscuits,Arnott's,Snacks,2.0,4.0,True,50.0,190g,1.05,100G,,0,2026-06-18T14:40:52Z
woolworths,ww_18862,KitKat Chunky Bar,KitKat,Snacks,3.0,3.0,False,0.0,48g,6.25,100G,,0,2026-06-18T14:40:52Z
woolworths,ww_160841,Mars Milk Chocolate Bar Party Share Bag 12 Pieces,Mars,Snacks,7.5,7.5,False,0.0,192g,3.91,100G,,0,2026-06-18T14:40:52Z
woolworths,ww_36016,Arnott's Family Favourites Assorted Biscuits,Arnott's,Snacks,5.0,5.0,False,0.0,500g,1.0,100G,,0,2026-06-18T14:40:52Z
woolworths,ww_210630,The Natural Confectionery Co. Sour Squirms Lollies,The Natural Confectionery Co.,Snacks,5.0,5.0,False,0.0,220g,2.27,100G,,0,2026-06-18T14:40:52Z
woolworths,ww_363227,Ceres Organics Brown Rice Cakes Original,Ceres Organics,Snacks,4.0,4.0,False,0.0,110g,3.64,100G,,0,2026-06-18T14:40:52Z
woolworths,ww_828985,Cadbury Pascall Clinker Milk Chocolate Lollies Snack & Share Bag,Cadbury,Snacks,7.0,7.0,False,0.0,160g,4.38,100G,,0,2026-06-18T14:40:52Z
woolworths,ww_317455,Oreo Mini Cookies Original Bags 10 pack,Oreo,Snacks,4.0,5.0,True,20.0,204g,1.96,100G,,0,2026-06-18T14:40:52Z
woolworths,ww_54631,Doritos Corn Chips Cheese Supreme Party Size,Doritos,Snacks,6.0,8.5,True,29.4,380g,1.58,100G,,0,2026-06-18T14:40:52Z
woolworths,ww_479501,Pringles Original Salted Potato Chips,Pringles,Snacks,3.3,5.5,True,40.0,134g,2.46,100G,,0,2026-06-18T14:40:52Z
woolworths,ww_6064869,Cadbury Dairy Milk Chocolate Bar,Cadbury,Snacks,1.5,3.0,True,50.0,45g,3.33,100G,,0,2026-06-18T14:40:52Z
woolworths,ww_657419,Twix Milk Chocolate Bar with Caramel Biscuit,Twix,Snacks,3.0,3.0,False,0.0,50g,6.0,100G,,0,2026-06-18T14:40:52Z
woolworths,ww_42605,Coca-Cola Classic Soft Drink Cans,Coca-Cola,Drinks,26.0,37.5,True,30.7,375mL x 24 pack,2.89,1L,,0,2026-06-18T14:40:52Z
woolworths,ww_30486,Gatorade Sports Drinks Blue Bolt Electrolyte Hydration,Gatorade,Drinks,4.2,4.2,False,0.0,600mL,7.0,1L,,0,2026-06-18T14:40:52Z
woolworths,ww_30446,Gatorade Sports Drinks Tropical Electrolyte Hydration,Gatorade,Drinks,4.2,4.2,False,0.0,600mL,7.0,1L,,0,2026-06-18T14:40:52Z
woolworths,ww_669683,Coca-Cola Zero Sugar Soft Drink Cans,Coca-Cola,Drinks,26.0,37.5,True,30.7,375mL x 24 pack,2.89,1L,,0,2026-06-18T14:40:52Z
woolworths,ww_748595,Woolworths Full Cream Long Life Milk UHT,Woolworths,Drinks,1.85,1.85,False,0.0,1L,1.85,1L,,0,2026-06-18T14:40:52Z
woolworths,ww_116784,Woolworths Spring Water Bottles,Woolworths,Drinks,9.4,9.4,False,0.0,600mL x 24 pack,0.65,1L,,0,2026-06-18T14:40:52Z
woolworths,ww_32731,Coca-Cola Classic  Soft Drink Bottle,Coca-Cola,Drinks,4.2,4.2,False,0.0,1.25L,3.36,1L,,0,2026-06-18T14:40:52Z
woolworths,ww_799813,Woolworths Free From Lactose Lite Long Life Milk UHT,Woolworths,Drinks,2.1,2.1,False,0.0,1L,2.1,1L,,0,2026-06-18T14:40:52Z
woolworths,ww_623034,Coca-Cola Zero Sugar Soft Drink Bottle,Coca-Cola,Drinks,4.2,4.2,False,0.0,1.25L,3.36,1L,,0,2026-06-18T14:40:52Z
woolworths,ww_33557,Devondale 100% Pure Full Cream Long Life Milk UHT,Devondale,Drinks,2.2,2.2,False,0.0,1L,2.2,1L,,0,2026-06-18T14:40:52Z
woolworths,ww_6061820,Gatorade Blue Bolt Sports Drink Mini Bottles,Gatorade,Drinks,7.5,9.5,True,21.1,350mL x 4 pack,5.36,1L,,0,2026-06-18T14:40:52Z
woolworths,ww_6060135,Powerade Fifa Outlast,Powerade,Drinks,2.25,4.5,True,50.0,600mL,3.75,1L,,0,2026-06-18T14:40:52Z
woolworths,ww_6061955,Gatorade No Sugar Berry Sports Drink Mini Bottles,Gatorade,Drinks,7.5,9.5,True,21.1,350mL x 4 pack,5.36,1L,,0,2026-06-18T14:40:52Z
woolworths,ww_489787,Monster Energy Ultra Can,Monster,Drinks,3.3,4.45,True,25.8,500mL,6.6,1L,,0,2026-06-18T14:40:52Z
woolworths,ww_748597,Woolworths Skim Long Life Milk UHT,Woolworths,Drinks,1.85,1.85,False,0.0,1L,1.85,1L,,0,2026-06-18T14:40:52Z
woolworths,ww_799638,Woolworths Sparkling Mineral Water,Woolworths,Drinks,1.1,1.1,False,0.0,1.25L,0.88,1L,,0,2026-06-18T14:40:52Z
woolworths,ww_799811,Woolworths Free From Lactose Full Cream Long Life Milk UHT,Woolworths,Drinks,2.1,2.1,False,0.0,1L,2.1,1L,,0,2026-06-18T14:40:52Z
woolworths,ww_748596,Woolworths Lite Long Life Milk UHT,Woolworths,Drinks,1.85,1.85,False,0.0,1L,1.85,1L,,0,2026-06-18T14:40:52Z
woolworths,ww_799637,Woolworths Soda Water,Woolworths,Drinks,1.15,1.15,False,0.0,1.25L,0.92,1L,,0,2026-06-18T14:40:52Z
woolworths,ww_7985,Pepsi Max Cola No Sugar Soft Drink Bottle,Pepsi,Drinks,1.87,3.75,True,50.1,1.25L,1.5,1L,,0,2026-06-18T14:40:52Z
woolworths,ww_825527,Woolworths Apple Juice,Woolworths,Drinks,2.7,2.7,False,0.0,2L,1.35,1L,,0,2026-06-18T14:40:52Z
woolworths,ww_56731,Bonsoy Soy Long Life Milk UHT,Bonsoy,Drinks,4.5,4.5,False,0.0,1L,4.5,1L,,0,2026-06-18T14:40:52Z
woolworths,ww_669379,Coca-Cola Zero Sugar Soft Drink Cans,Coca-Cola,Drinks,21.0,21.0,False,0.0,375mL x 10 pack,5.6,1L,,0,2026-06-18T14:40:52Z
woolworths,ww_779130,Woolworths Soy Long Life Milk UHT,Woolworths,Drinks,1.75,1.75,False,0.0,1L,1.75,1L,,0,2026-06-18T14:40:52Z
woolworths,ww_54291,Pepsi Max No Sugar Soft Drink Cans,Pepsi,Drinks,39.5,39.5,False,0.0,375mL x 24 pack,4.39,1L,,0,2026-06-18T14:40:52Z
woolworths,ww_162609,Red Bull Energy Drink,Red Bull,Drinks,13.0,13.0,False,0.0,250mL x 4 pack,13.0,1L,,0,2026-06-18T14:40:52Z
woolworths,ww_724514,Cocobella Coconut Water Straight Up,Cocobella,Drinks,3.3,5.5,True,40.0,1L,3.3,1L,,0,2026-06-18T14:40:52Z
woolworths,ww_749792,Woolworths Spring Water Bottles,Woolworths,Drinks,4.9,4.9,False,0.0,1.5L x 6 pack,0.54,1L,,0,2026-06-18T14:40:52Z
woolworths,ww_744490,Sanitarium So Good Unsweetened Almond Long Life Milk UHT,Sanitarium,Drinks,3.0,3.0,False,0.0,1L,3.0,1L,,0,2026-06-18T14:40:52Z
woolworths,ww_38121,Coca-Cola Classic  Soft Drink Bottle Bottle,Coca-Cola,Drinks,4.0,4.0,False,0.0,2L,2.0,1L,,0,2026-06-18T14:40:52Z
woolworths,ww_779134,Woolworths Unsweetened Almond Long Life Milk UHT,Woolworths,Drinks,1.85,1.85,False,0.0,1L,1.85,1L,,0,2026-06-18T14:40:52Z
woolworths,ww_333339,Woolworths Lemonade Bottle,Woolworths,Drinks,1.15,1.15,False,0.0,1.25L,0.92,1L,,0,2026-06-18T14:40:52Z
woolworths,ww_24318,Sanitarium So Good Soy Regular Long Life Milk UHT,Sanitarium,Drinks,2.4,2.4,False,0.0,1L,2.4,1L,,0,2026-06-18T14:40:52Z
woolworths,ww_730998,Pauls Zymil Lactose Free Full Cream Long Life Milk UHT,Pauls,Drinks,3.0,3.0,False,0.0,1L,3.0,1L,,0,2026-06-18T14:40:52Z
woolworths,ww_7984,Pepsi Max No Sugar Cola Soft Drink Bottle,Pepsi,Drinks,3.8,3.8,False,0.0,2L,1.9,1L,,0,2026-06-18T14:40:52Z
woolworths,ww_793315,Coca-Cola Classic Soft Drink Cans,Coca-Cola,Drinks,21.0,21.0,False,0.0,375mL x 10 pack,5.6,1L,,0,2026-06-18T14:40:52Z
woolworths,ww_785627,Raw C Coconut Water Pure Natural,Raw C,Drinks,5.5,5.5,False,0.0,1L,5.5,1L,,0,2026-06-18T14:40:52Z
woolworths,ww_672966,Coca-Cola Zero Sugar Soft Drink Bottle,Coca-Cola,Drinks,4.0,4.0,False,0.0,2L,2.0,1L,,0,2026-06-18T14:40:52Z
woolworths,ww_773129,Pepsi Max No Sugar Soft Drink Cans,Pepsi,Drinks,29.5,29.5,False,0.0,375mL x 30 pack,2.62,1L,,0,2026-06-18T14:40:52Z
woolworths,ww_858008,PureHarvest Organic Almond Unsweetened Long Life Milk UH,PureHarvest,Drinks,2.6,3.4,True,23.5,1L,2.6,1L,,0,2026-06-18T14:40:52Z
woolworths,ww_365190,Powerade ION4 Mountain Blast Sports Drink Sipper Cap,Powerade,Drinks,2.25,4.5,True,50.0,600mL,3.75,1L,,0,2026-06-18T14:40:52Z
woolworths,ww_365189,Powerade ION4 Berry Ice Sports Drink Sipper Cap,Powerade,Drinks,2.25,4.5,True,50.0,600mL,3.75,1L,,0,2026-06-18T14:40:52Z
woolworths,ww_77938,Mount Franklin Lightly Sparkling Water lime Cans,Mount Franklin,Drinks,21.0,21.0,False,0.0,375mL x 10 pack,5.6,1L,,0,2026-06-18T14:40:52Z
woolworths,ww_159798,Kirks Pasito Soft Drink Cans,Kirks,Drinks,9.3,15.5,True,40.0,375mL x 10 pack,2.48,1L,,0,2026-06-18T14:40:52Z
woolworths,ww_511504,Monster Energy Ultra Cans,Monster,Drinks,16.5,16.5,False,0.0,500mL x 4 pack,8.25,1L,,0,2026-06-18T14:40:52Z
woolworths,ww_81274,Nu Pure Still Spring Water,Nu Pure,Drinks,11.0,11.0,False,0.0,600mL x 20 pack,0.92,1L,,0,2026-06-18T14:40:52Z
woolworths,ww_633876,Woolworths Spring Water Minis,Woolworths,Drinks,8.0,8.0,False,0.0,250mL x 20 pack,1.6,1L,,0,2026-06-18T14:40:52Z
woolworths,ww_749793,Woolworths Spring Water Bottle,Woolworths,Drinks,0.8,0.8,False,0.0,1.5L,0.53,1L,,0,2026-06-18T14:40:52Z
woolworths,ww_105914,Nestle Sweetened Condensed Milk,Nestle,Drinks,4.0,4.0,False,0.0,395g,1.01,100G,,0,2026-06-18T14:40:52Z
woolworths,ww_230367,Devondale Semi Skim Long Life Milk UHT,Devondale,Drinks,2.2,2.2,False,0.0,1L,2.2,1L,,0,2026-06-18T14:40:52Z
woolworths,ww_80047,Mount Franklin Lightly Sparkling Raspberry,Mount Franklin,Drinks,21.0,21.0,False,0.0,375mL x 10 pack,5.6,1L,,0,2026-06-18T14:40:52Z
woolworths,ww_176210,Mount Franklin Lightly Sparkling Water Mango,Mount Franklin,Drinks,21.0,21.0,False,0.0,375mL x 10 pack,5.6,1L,,0,2026-06-18T14:40:52Z
woolworths,ww_691635,Mount Franklin Lightly Sparkling Peach Cans,Mount Franklin,Drinks,21.0,21.0,False,0.0,375mL x 10 pack,5.6,1L,,0,2026-06-18T14:40:52Z
woolworths,ww_698612,Monster Energy Mango Loco Can,Monster,Drinks,3.3,4.45,True,25.8,500mL,6.6,1L,,0,2026-06-18T14:40:52Z
woolworths,ww_148781,Vitasoy Oat Milky Long Life Milk UHT,Vitasoy,Drinks,3.0,3.0,False,0.0,1L,3.0,1L,,0,2026-06-18T14:40:52Z
woolworths,ww_120207,Sanitarium So Good Oat No Added Sugar Long Life Milk UHT,Sanitarium,Drinks,3.0,3.0,False,0.0,1L,3.0,1L,,0,2026-06-18T14:40:52Z
woolworths,ww_561890,Woolworths Lightly Sparkling Spring Water,Woolworths,Drinks,12.5,12.5,False,0.0,500mL x 20 pack,1.25,1L,,0,2026-06-18T14:40:52Z
woolworths,ww_95325,Sprite Lemonade Soft Drink Bottle,Sprite,Drinks,4.2,4.2,False,0.0,1.25L,3.36,1L,,0,2026-06-18T14:40:52Z
woolworths,ww_500999,Cocobella Coconut Water Chocolate Chocolate,Cocobella,Drinks,5.5,5.5,False,0.0,1L,5.5,1L,,0,2026-06-18T14:40:52Z
woolworths,ww_756025,Woolworths Lemonade Zero Sugar Bottle,Woolworths,Drinks,1.15,1.15,False,0.0,1.25L,0.92,1L,,0,2026-06-18T14:40:52Z
woolworths,ww_875162,Milo Malt Drinking Chocolate Powder Hot Or Cold,Milo,Drinks,10.75,10.75,False,0.0,460g,2.34,100G,,0,2026-06-18T14:40:52Z
woolworths,ww_226913,Red Bull Energy Drink Sugar Free,Red Bull,Drinks,13.0,13.0,False,0.0,250mL x 4 pack,13.0,1L,,0,2026-06-18T14:40:52Z
woolworths,ww_912380,Mt Ossa Australian Natural Spring Water,Mt Ossa,Drinks,4.75,4.75,False,0.0,10L,0.48,1L,,0,2026-06-18T14:40:52Z
woolworths,ww_137848,Coca-Cola Caffeine Free Zero Sugar Soft Drink Bottle,Coca-Cola,Drinks,4.2,4.2,False,0.0,1.25L,3.36,1L,,0,2026-06-18T14:40:52Z
woolworths,ww_52558,Kirks Lemonade Soft Drink Bottle,Kirks,Drinks,1.8,1.8,False,0.0,1.25L,1.44,1L,,0,2026-06-18T14:40:52Z
woolworths,ww_926885,Vitasoy Unsweetened Almond Long Life Milk UHT,Vitasoy,Drinks,2.6,2.6,False,0.0,1L,2.6,1L,,0,2026-06-18T14:40:52Z
woolworths,ww_94493,Coca-Cola Diet Soft Drink Bottle,Coca-Cola,Drinks,4.2,4.2,False,0.0,1.25L,3.36,1L,,0,2026-06-18T14:40:52Z
woolworths,ww_770183,Woolworths Spring Water Bottles,Woolworths,Drinks,5.35,5.35,False,0.0,600mL x 12 pack,0.74,1L,,0,2026-06-18T14:40:52Z
woolworths,ww_893373,Liddells Lactose Free Full Cream Long Life Milk UHT,Liddells,Drinks,3.2,3.2,False,0.0,1L,3.2,1L,,0,2026-06-18T14:40:52Z
woolworths,ww_152988,Cadbury Drinking Chocolate,Cadbury,Drinks,8.0,8.0,False,0.0,450g,1.78,100G,,0,2026-06-18T14:40:52Z
woolworths,ww_72618,Twinings English Breakfast Tea Bags Tea Bags,Twinings,Drinks,6.75,13.5,True,50.0,100 pack,0.07,1EA,,0,2026-06-18T14:40:52Z
woolworths,ww_332730,Mount Franklin Lightly Sparkling Water Natural Bottle,Mount Franklin,Drinks,3.35,3.35,False,0.0,1.25L,2.68,1L,,0,2026-06-18T14:40:52Z
woolworths,ww_503111,Woolworths Tropical Fruit Drink Poppers,Woolworths,Drinks,3.15,3.15,False,0.0,250mL x 6 pack,2.1,1L,,0,2026-06-18T14:40:52Z
woolworths,ww_33637,Devondale Skim Long Life Milk UHT,Devondale,Drinks,2.2,2.2,False,0.0,1L,2.2,1L,,0,2026-06-18T14:40:52Z
woolworths,ww_146547,Pauls Zymil Lactose Free Low Fat Long Life Milk UHT,Pauls,Drinks,3.0,3.0,False,0.0,1L,3.0,1L,,0,2026-06-18T14:40:52Z
woolworths,ww_825528,Woolworths Orange Juice,Woolworths,Drinks,4.2,4.2,False,0.0,2L,2.1,1L,,0,2026-06-18T14:40:52Z
woolworths,ww_710014,Sanitarium So Good Almond Long Life Milk UHT,Sanitarium,Drinks,3.0,3.0,False,0.0,1L,3.0,1L,,0,2026-06-18T14:40:52Z
woolworths,ww_365186,Powerade ION4 Gold Rush Sports Drink Sipper Cap,Powerade,Drinks,2.25,4.5,True,50.0,600mL,3.75,1L,,0,2026-06-18T14:40:52Z
woolworths,ww_804284,Devondale Long Life UHT Thickened Whipping Cream,Devondale,Drinks,3.8,3.8,False,0.0,250mL,1.52,100ML,,0,2026-06-18T14:40:52Z
woolworths,ww_83836,Sanitarium So Good Barista Almond Long Life Milk UHT,Sanitarium,Drinks,3.0,4.0,True,25.0,1L,3.0,1L,,0,2026-06-18T14:40:52Z
woolworths,ww_279908,Powerade ION4 Blackcurrant Sports Drink Sipper Cap,Powerade,Drinks,2.25,4.5,True,50.0,600mL,3.75,1L,,0,2026-06-18T14:40:52Z
woolworths,ww_94005,Pureau Pure Water Water,Pureau,Drinks,9.6,9.6,False,0.0,10L,0.96,1L,,0,2026-06-18T14:40:52Z
woolworths,ww_6013220,Coca-Cola Mini Zero Sugar,Coca-Cola,Drinks,15.0,15.0,False,0.0,250mL x 15 pack,4.0,1L,,0,2026-06-18T14:40:52Z
woolworths,ww_159796,Kirks Lemonade Soft Drink Cans,Kirks,Drinks,9.3,15.5,True,40.0,375mL x 10 pack,2.48,1L,,0,2026-06-18T14:40:52Z
woolworths,ww_6008388,Red Bull Berry Edition Sugar Free,Red Bull,Drinks,3.2,3.2,False,0.0,250mL,12.8,1L,,0,2026-06-18T14:40:52Z
woolworths,ww_136874,Mount Franklin Lightly Sparkling Water Passionfruit Cans,Mount Franklin,Drinks,21.0,21.0,False,0.0,375mL x 10 pack,5.6,1L,,0,2026-06-18T14:40:52Z
woolworths,ww_6063977,Schweppes Summer Fizz Blood Orange Lime No Sugar Mixer Soft Drink,Schweppes,Drinks,6.5,6.5,False,0.0,250mL x 6 pack,4.33,1L,,0,2026-06-18T14:40:52Z
woolworths,ww_7576,Golden Circle Golden Pash Poppers,Golden Circle,Drinks,5.5,5.5,False,0.0,250mL x 6 pack,3.67,1L,,0,2026-06-18T14:40:52Z
woolworths,ww_825529,Woolworths Apple & Blackcurrant Juice,Woolworths,Drinks,2.7,2.7,False,0.0,2L,1.35,1L,,0,2026-06-18T14:40:52Z
woolworths,ww_673135,Woolworths Apple & Mango Juice,Woolworths,Drinks,2.7,2.7,False,0.0,2L,1.35,1L,,0,2026-06-18T14:40:52Z
woolworths,ww_94950,Golden Circle Apple Splash Poppers,Golden Circle,Drinks,5.5,5.5,False,0.0,250mL x 6 pack,3.67,1L,,0,2026-06-18T14:40:52Z
woolworths,ww_219582,Frantelle Australian Spring Water Bottles,Frantelle,Drinks,12.0,12.0,False,0.0,600mL x 24 pack,0.83,1L,,0,2026-06-18T14:40:52Z
woolworths,ww_756023,Woolworths Cola Sugar Zero Bottle,Woolworths,Drinks,1.15,1.15,False,0.0,1.25L,0.92,1L,,0,2026-06-18T14:40:52Z
woolworths,ww_72618,Twinings English Breakfast Tea Bags Tea Bags,Twinings,Drinks,6.75,13.5,True,50.0,100 pack,0.07,1EA,,0,2026-06-18T14:40:52Z
woolworths,ww_331784,Red Bull Energy Drink Cans,Red Bull,Drinks,22.0,22.0,False,0.0,250mL x 8 pack,11.0,1L,,0,2026-06-18T14:40:52Z
woolworths,ww_162609,Red Bull Energy Drink,Red Bull,Drinks,13.0,13.0,False,0.0,250mL x 4 pack,13.0,1L,,0,2026-06-18T14:40:52Z
woolworths,ww_329812,Monster Energy Green Can,Monster,Drinks,3.3,4.45,True,25.8,500mL,6.6,1L,,0,2026-06-18T14:40:52Z
woolworths,ww_86298,PureHarvest Organic Oat Unsweetened Long Life Milk UHT,PureHarvest,Drinks,3.0,3.0,False,0.0,1L,3.0,1L,,0,2026-06-18T14:40:52Z
woolworths,ww_192366,PureHarvest Organic Soy Unsweetened Long Life Milk UHT,PureHarvest,Drinks,2.2,2.2,False,0.0,1L,2.2,1L,,0,2026-06-18T14:40:52Z
woolworths,ww_756022,Woolworths Cola Bottle,Woolworths,Drinks,1.15,1.15,False,0.0,1.25L,0.92,1L,,0,2026-06-18T14:40:52Z
woolworths,ww_334369,So Good Extra Creamy Oat Long Life Milk UHT,So Good,Drinks,3.0,3.0,False,0.0,1L,3.0,1L,,0,2026-06-18T14:40:52Z
woolworths,ww_180941,Coca-Cola Vanilla  Soft Drink Bottle Bottle,Coca-Cola,Drinks,4.2,4.2,False,0.0,1.25L,3.36,1L,,0,2026-06-18T14:40:52Z
woolworths,ww_310675,Vitasoy Unsweetened Oat Long Life Milk UHT,Vitasoy,Drinks,3.3,3.3,False,0.0,1L,3.3,1L,,0,2026-06-18T14:40:52Z
woolworths,ww_140090,Kirks Pasito Soft Drink Bottle,Kirks,Drinks,1.8,1.8,False,0.0,1.25L,1.44,1L,,0,2026-06-18T14:40:52Z
woolworths,ww_132815,V Original Guarana Energy Drink,V,Drinks,7.2,12.0,True,40.0,250mL x 4 pack,7.2,1L,,0,2026-06-18T14:40:52Z
woolworths,ww_635960,Schweppes Soda Water Mixer Bottle Mixers,Schweppes,Drinks,1.8,3.0,True,40.0,1.1L,1.64,1L,,0,2026-06-18T14:40:52Z
woolworths,ww_503038,Woolworths Apple Fruit Drink Poppers,Woolworths,Drinks,3.15,3.15,False,0.0,250mL x 6 pack,2.1,1L,,0,2026-06-18T14:40:52Z
woolworths,ww_62170,Sprite Zero Sugar Lemonade Soft Drink Bottle,Sprite,Drinks,4.2,4.2,False,0.0,1.25L,3.36,1L,,0,2026-06-18T14:40:52Z
woolworths,ww_212841,Vitasoy Soy Milky Low Sugar Long Life Milk UHT,Vitasoy,Drinks,2.45,2.45,False,0.0,1L,2.45,1L,,0,2026-06-18T14:40:52Z
woolworths,ww_289272,Milo Malt Drinking Chocolate Powder Hot Or Cold Refill Pack,Milo,Drinks,11.5,11.5,False,0.0,730g,1.58,100G,,0,2026-06-18T14:40:52Z
woolworths,ww_32673,Solo Original Lemon Soft Drink Bottle,Solo,Drinks,1.87,3.75,True,50.1,1.25L,1.5,1L,,0,2026-06-18T14:40:52Z
woolworths,ww_6024108,Nuttelex Oat Long Life Milk UHT,Nuttelex,Drinks,1.65,3.3,True,50.0,1L,1.65,1L,,0,2026-06-18T14:40:52Z
woolworths,ww_370757,Coca-Cola Diet Soft Drink Cans,Coca-Cola,Drinks,26.0,37.5,True,30.7,375mL x 24 pack,2.89,1L,,0,2026-06-18T14:40:52Z
woolworths,ww_90032,Devondale 100% Pure Full Cream Long Life Milk UHT,Devondale,Drinks,6.25,6.25,False,0.0,200mL x 6 pack,5.21,1L,,0,2026-06-18T14:40:52Z
woolworths,ww_729168,Woolworths Apple Juice Poppers,Woolworths,Drinks,3.3,3.3,False,0.0,250mL x 6 pack,2.2,1L,,0,2026-06-18T14:40:52Z
woolworths,ww_365548,Powerade ION4 Lemon Lime Sports Drink Sipper Cap,Powerade,Drinks,2.25,4.5,True,50.0,600mL,3.75,1L,,0,2026-06-18T14:40:52Z
woolworths,ww_793280,Sprite Zero Sugar Lemonade Soft Drink  Cans,Sprite,Drinks,21.0,21.0,False,0.0,375mL x 10 pack,5.6,1L,,0,2026-06-18T14:40:52Z
woolworths,ww_264490,V Energy Sugar Free,V Energy,Drinks,7.2,12.0,True,40.0,250mL x 4 pack,7.2,1L,,0,2026-06-18T14:40:52Z
woolworths,ww_97471,Bundaberg Ginger Beer,Bundaberg,Drinks,7.7,7.7,False,0.0,375mL x 4 pack,5.13,1L,,0,2026-06-18T14:40:52Z
woolworths,ww_839502,Cococoast Natural Coconut Water Pure,Cococoast,Drinks,2.5,2.5,False,0.0,500mL,5.0,1L,,0,2026-06-18T14:40:52Z
woolworths,ww_32812,Fanta Orange Soft Drink Bottle,Fanta,Drinks,4.2,4.2,False,0.0,1.25L,3.36,1L,,0,2026-06-18T14:40:52Z
woolworths,ww_6024687,Nuttelex Unsweetened Almond Long Life Milk UHT,Nuttelex,Drinks,1.65,3.3,True,50.0,1L,1.65,1L,,0,2026-06-18T14:40:52Z
woolworths,ww_140640,Coca-Cola Caffeine Free Zero Sugar Soft Drink Cans,Coca-Cola,Drinks,21.0,21.0,False,0.0,375mL x 10 pack,5.6,1L,,0,2026-06-18T14:40:52Z
woolworths,ww_77938,Mount Franklin Lightly Sparkling Water lime Cans,Mount Franklin,Drinks,21.0,21.0,False,0.0,375mL x 10 pack,5.6,1L,,0,2026-06-18T14:40:52Z
woolworths,ww_38078,Moccona Freeze Dried Instant Coffee Classic Medium Roast,Moccona,Drinks,14.5,14.5,False,0.0,100g,14.5,100G,,0,2026-06-18T14:40:52Z
woolworths,ww_59561,Woolworths Pineapple Juice,Woolworths,Drinks,2.5,2.5,False,0.0,1L,2.5,1L,,0,2026-06-18T14:40:52Z
woolworths,ww_773142,Solo Original Lemon Soft Drink Cans,Solo,Drinks,26.0,26.0,False,0.0,375mL x 30 pack,2.31,1L,,0,2026-06-18T14:40:52Z
woolworths,ww_53205,McCain Pub Style Potato Wedges,McCain,Frozen,6.0,6.0,False,0.0,750g,8.0,1KG,,0,2026-06-18T14:40:52Z
woolworths,ww_822845,McCain Pub Style Extra Crispy Chips,McCain,Frozen,6.0,6.0,False,0.0,750g,8.0,1KG,,0,2026-06-18T14:40:52Z
woolworths,ww_112492,McCain Pizza Slice Snacks Meatlovers Meatlovers,McCain,Frozen,9.8,9.8,False,0.0,2 pack,1.63,100G,,0,2026-06-18T14:40:52Z
woolworths,ww_6064049,Sara Lee Mini Cups Golden Apple Crumble,Sara Lee,Frozen,9.0,9.0,False,0.0,4 pack,2.5,100G,,0,2026-06-18T14:40:52Z
woolworths,ww_18366,Woolworths Puff Pastry Sheets,Woolworths,Frozen,3.8,3.8,False,0.0,1kg,0.38,100G,,0,2026-06-18T14:40:52Z
woolworths,ww_586517,Woolworths Frozen Mixed Berries,Woolworths,Frozen,12.0,12.0,False,0.0,1kg,12.0,1KG,,0,2026-06-18T14:40:52Z
woolworths,ww_516857,Bell Farms Chopped Spinach,Bell Farms,Frozen,1.0,1.0,False,0.0,250g,4.0,1KG,,0,2026-06-18T14:40:52Z
woolworths,ww_260010,Woolworths Frozen Mixed Berries,Woolworths,Frozen,6.5,6.5,False,0.0,500g,13.0,1KG,,0,2026-06-18T14:40:52Z
woolworths,ww_260004,Woolworths Frozen Raspberries,Woolworths,Frozen,8.0,8.0,False,0.0,500g,16.0,1KG,,0,2026-06-18T14:40:52Z
woolworths,ww_260007,Woolworths Frozen Blueberries,Woolworths,Frozen,6.5,6.5,False,0.0,500g,13.0,1KG,,0,2026-06-18T14:40:52Z
woolworths,ww_166922,McCain Lil Pizzas Snacks Cheesy Margherita,McCain,Frozen,7.8,7.8,False,0.0,4 pack,2.05,100G,,0,2026-06-18T14:40:52Z
woolworths,ww_9660,McCain Lil Pizzas Snacks Ham & Cheese,McCain,Frozen,7.8,7.8,False,0.0,4 pack,1.95,100G,,0,2026-06-18T14:40:52Z
woolworths,ww_662937,McCain Superfries Shoestring,McCain,Frozen,4.3,4.3,False,0.0,900g,4.78,1KG,,0,2026-06-18T14:40:52Z
woolworths,ww_139610,McCain Pizza Pocket Snacks Cheese & Bacon,McCain,Frozen,5.0,8.5,True,41.2,4 pack,1.25,100G,,0,2026-06-18T14:40:52Z
woolworths,ww_768559,Woolworths Broccoli Florets,Woolworths,Frozen,4.0,4.0,False,0.0,500g,8.0,1KG,,0,2026-06-18T14:40:52Z
woolworths,ww_586516,Woolworths Frozen Blueberries,Woolworths,Frozen,12.0,12.0,False,0.0,1kg,12.0,1KG,,0,2026-06-18T14:40:52Z
woolworths,ww_61998,Woolworths Prep Set Go Diced Frozen Onions,Woolworths,Frozen,3.0,3.0,False,0.0,500g,6.0,1KG,,0,2026-06-18T14:40:52Z
woolworths,ww_93915,Essentials Frozen Mixed Vegetables,Essentials,Frozen,2.8,2.8,False,0.0,1kg,2.8,1KG,,0,2026-06-18T14:40:52Z
woolworths,ww_96845,Essentials Frozen Peas,Essentials,Frozen,2.5,2.5,False,0.0,1kg,2.5,1KG,,0,2026-06-18T14:40:52Z
woolworths,ww_768569,Woolworths Carrots Peas & Corn,Woolworths,Frozen,5.0,5.0,False,0.0,1kg,5.0,1KG,,0,2026-06-18T14:40:52Z
woolworths,ww_754169,Woolworths Frozen Australian Peas,Woolworths,Frozen,3.8,3.8,False,0.0,1kg,3.8,1KG,,0,2026-06-18T14:40:52Z
woolworths,ww_768567,Woolworths Winter Veg Mix,Woolworths,Frozen,5.2,5.2,False,0.0,1kg,5.2,1KG,,0,2026-06-18T14:40:52Z
woolworths,ww_54233,McCain Mixed Vegetables Peas Corn & Carrot,McCain,Frozen,4.5,4.5,False,0.0,500g,9.0,1KG,,0,2026-06-18T14:40:52Z
woolworths,ww_949,Creative Gourmet Frozen Mango Chunks,Creative Gourmet,Frozen,5.35,5.35,False,0.0,500g,10.7,1KG,,0,2026-06-18T14:40:52Z
woolworths,ww_830212,Woolworths Cookies & Cream Ice Cream Sandwich,Woolworths,Frozen,3.8,3.8,False,0.0,4 pack,0.86,100ML,,0,2026-06-18T14:40:52Z
woolworths,ww_820796,Woolworths Frozen Mango,Woolworths,Frozen,9.8,9.8,False,0.0,1kg,9.8,1KG,,0,2026-06-18T14:40:52Z
woolworths,ww_658326,Umami Edamame Salad,Umami,Frozen,2.5,2.5,False,0.0,200g,12.5,1KG,,0,2026-06-18T14:40:52Z
woolworths,ww_532199,Creative Gourmet Frozen Banana Chunks,Creative Gourmet,Frozen,5.0,5.0,False,0.0,500g,10.0,1KG,,0,2026-06-18T14:40:52Z
woolworths,ww_228797,Birds Eye Golden Crunch Hash Browns,Birds Eye,Frozen,5.7,5.7,False,0.0,800g,7.13,1KG,,0,2026-06-18T14:40:52Z
woolworths,ww_695650,Woolworths Potato Minis,Woolworths,Frozen,5.0,5.0,False,0.0,1kg,5.0,1KG,,0,2026-06-18T14:40:52Z
woolworths,ww_180109,Birds Eye Potato Gems Bite Size Hash Brown,Birds Eye,Frozen,6.8,6.8,False,0.0,900g,7.56,1KG,,0,2026-06-18T14:40:52Z
woolworths,ww_768561,Woolworths Broccoli & Cauliflower,Woolworths,Frozen,4.0,4.0,False,0.0,500g,8.0,1KG,,0,2026-06-18T14:40:52Z
woolworths,ww_77888,Patties Party Pies Frozen,Patties,Frozen,9.7,9.7,False,0.0,12 pack,1.73,100G,,0,2026-06-18T14:40:52Z
woolworths,ww_815126,Macro Organic Frozen Blueberries,Macro,Frozen,9.3,9.3,False,0.0,450g,20.67,1KG,,0,2026-06-18T14:40:52Z
woolworths,ww_315505,McCain Rustica Thin & Crispy Australian Angus Beef Pizza,McCain,Frozen,11.0,11.0,False,0.0,370g,2.97,100G,,0,2026-06-18T14:40:52Z
woolworths,ww_901499,Your Spud Co Hash Browns,Your Spud Co,Frozen,4.5,4.5,False,0.0,1kg,4.5,1KG,,0,2026-06-18T14:40:52Z
woolworths,ww_98299,McCain Hash Browns Shredded,McCain,Frozen,5.8,5.8,False,0.0,750g,7.73,1KG,,0,2026-06-18T14:40:52Z
woolworths,ww_429267,Bell Farms Frozen Mash Potato,Bell Farms,Frozen,5.0,5.0,False,0.0,1kg,5.0,1KG,,0,2026-06-18T14:40:52Z
woolworths,ww_40518,Peters Original Vanilla Ice Cream Ice Cream,Peters,Frozen,5.95,5.95,False,0.0,2L,0.3,100ML,,0,2026-06-18T14:40:52Z
woolworths,ww_693777,Woolworths Potato Wedges,Woolworths,Frozen,3.5,3.5,False,0.0,750g,4.67,1KG,,0,2026-06-18T14:40:52Z
woolworths,ww_768558,Woolworths Frozen Sliced Beans,Woolworths,Frozen,2.8,2.8,False,0.0,500g,5.6,1KG,,0,2026-06-18T14:40:52Z
woolworths,ww_374274,Woolworths Australian Frozen Sweet Corn Cobs,Woolworths,Frozen,5.0,5.0,False,0.0,1kg,5.0,1KG,,0,2026-06-18T14:40:52Z
woolworths,ww_385359,Steggles Chicken Nuggets Tempura,Steggles,Frozen,10.5,13.5,True,22.2,1kg,10.5,1KG,,0,2026-06-18T14:40:52Z
woolworths,ww_662935,McCain Superfries Crinkle Cut,McCain,Frozen,4.3,4.3,False,0.0,900g,4.78,1KG,,0,2026-06-18T14:40:52Z
woolworths,ww_252640,McCain Pizza Meatlovers BBQ,McCain,Frozen,6.0,8.8,True,31.8,500g,1.2,100G,,0,2026-06-18T14:40:52Z
woolworths,ww_112352,McCain Pizza Slice Snacks Cheese & Bacon,McCain,Frozen,9.8,9.8,False,0.0,2 pack,1.63,100G,,0,2026-06-18T14:40:52Z
woolworths,ww_259674,Peters Drumstick Minis Ice Cream Vanilla,Peters,Frozen,9.9,9.9,False,0.0,6 pack,2.02,100ML,,0,2026-06-18T14:40:52Z
woolworths,ww_768622,Birds Eye Stir Fry Oriental,Birds Eye,Frozen,5.5,5.5,False,0.0,850g,6.47,1KG,,0,2026-06-18T14:40:52Z
woolworths,ww_705694,Birds Eye Stir Fry Mix Chinese,Birds Eye,Frozen,5.5,5.5,False,0.0,850g,6.47,1KG,,0,2026-06-18T14:40:52Z
woolworths,ww_901497,Your Spud Co Potato Tots,Your Spud Co,Frozen,4.5,4.5,False,0.0,1kg,4.5,1KG,,0,2026-06-18T14:40:52Z
woolworths,ww_95243,Scotts Pies Meat,Scotts,Frozen,6.0,6.0,False,0.0,6 pack,0.67,100G,,0,2026-06-18T14:40:52Z
woolworths,ww_621328,Woolworths Party Pies,Woolworths,Frozen,9.9,9.9,False,0.0,24 pack,0.88,100G,,0,2026-06-18T14:40:52Z
woolworths,ww_6058367,McCain Hash Browns Airfryer Triangle,McCain,Frozen,5.5,5.5,False,0.0,525g,10.48,1KG,,0,2026-06-18T14:40:52Z
woolworths,ww_6074262,Bibigo Mini Pop Mandu Chicken Dumplings,Bibigo,Frozen,8.9,8.9,False,0.0,280g,3.18,100G,,0,2026-06-18T14:40:52Z
woolworths,ww_6058423,McCain Airfryer Chips Straight Cut,McCain,Frozen,5.5,5.5,False,0.0,750g,7.33,1KG,,0,2026-06-18T14:40:52Z
woolworths,ww_972326,Steggles Chicken Salt Chicken Fingers,Steggles,Frozen,10.5,13.5,True,22.2,1kg,10.5,1KG,,0,2026-06-18T14:40:52Z
woolworths,ww_768564,Woolworths Peas & Corn,Woolworths,Frozen,3.4,3.4,False,0.0,500g,6.8,1KG,,0,2026-06-18T14:40:52Z
woolworths,ww_48914,Marathon Dim Sims Dim Sims,Marathon,Frozen,13.0,13.0,False,0.0,1.5kg,0.87,100G,,0,2026-06-18T14:40:52Z
woolworths,ww_96206,McCain Frozen Peas,McCain,Frozen,3.7,3.7,False,0.0,500g,7.4,1KG,,0,2026-06-18T14:40:52Z
woolworths,ww_815127,Macro Organic Frozen Raspberries,Macro,Frozen,9.3,9.3,False,0.0,450g,20.67,1KG,,0,2026-06-18T14:40:52Z
woolworths,ww_48387,Peters Drumstick Ice Cream Vanilla,Peters,Frozen,9.9,9.9,False,0.0,4 pack,2.08,100ML,,0,2026-06-18T14:40:52Z
woolworths,ww_191043,Bulla Creamy Classics Ice Cream Vanilla,Bulla,Frozen,7.0,7.0,False,0.0,2L,0.35,100ML,,0,2026-06-18T14:40:52Z
woolworths,ww_97997,Essentials Crumbed Chicken Nuggets,Essentials,Frozen,3.25,3.25,False,0.0,500g,6.5,1KG,,0,2026-06-18T14:40:52Z
woolworths,ww_96492,Pampas Puff Pastry 6 Sheets,Pampas,Frozen,5.5,5.5,False,0.0,1kg,0.55,100G,,0,2026-06-18T14:40:52Z
woolworths,ww_40568,Blue Ribbon Classic Vanilla Tub Classic vanilla Dessert Tub,Blue Ribbon,Frozen,6.5,6.5,False,0.0,2L,0.33,100ML,,0,2026-06-18T14:40:52Z
woolworths,ww_694859,Woolworths Butter Chicken & Rice NULL,Woolworths,Frozen,4.2,4.2,False,0.0,375g,1.12,100G,,0,2026-06-18T14:40:52Z
woolworths,ww_6010485,Woolworths Frozen Strawberries,Woolworths,Frozen,12.0,12.0,False,0.0,1kg,12.0,1KG,,0,2026-06-18T14:40:52Z
woolworths,ww_383909,Steggles Chicken Dino Snacks Tempura,Steggles,Frozen,10.5,13.5,True,22.2,1kg,10.5,1KG,,0,2026-06-18T14:40:52Z
woolworths,ww_96190,Connoisseur Ice Cream Classic Vanilla Tub,Connoisseur,Frozen,13.0,13.0,False,0.0,1L,1.3,100ML,,0,2026-06-18T14:40:52Z
woolworths,ww_7282,Peters Drumstick Super Chocolate,Peters,Frozen,9.9,9.9,False,0.0,4 pack,2.08,100ML,,0,2026-06-18T14:40:52Z
woolworths,ww_502581,Woolworths Steakhouse Chips,Woolworths,Frozen,3.6,3.6,False,0.0,900g,4.0,1KG,,0,2026-06-18T14:40:52Z
woolworths,ww_132260,Woolworths Crumbed Chicken Breast Tenders,Woolworths,Frozen,9.0,9.0,False,0.0,1kg,9.0,1KG,,0,2026-06-18T14:40:52Z
woolworths,ww_918333,McCain Rustica Sourdough Frozen Pizza Supreme,McCain,Frozen,11.0,11.0,False,0.0,450g,2.44,100G,,0,2026-06-18T14:40:52Z
woolworths,ww_38728,Ingham's Frozen Chicken Breast Tenders Original,Ingham's,Frozen,5.5,5.5,False,0.0,400g,13.75,1KG,,0,2026-06-18T14:40:52Z
woolworths,ww_30748,Patties Sausage Roll Party,Patties,Frozen,9.7,9.7,False,0.0,450g,2.16,100G,,0,2026-06-18T14:40:52Z
woolworths,ww_24940,Four'N Twenty Pies Meat,Four'N Twenty,Frozen,4.75,9.5,True,50.0,4 pack,0.68,100G,,0,2026-06-18T14:40:52Z
woolworths,ww_621329,Woolworths Party Sausage Rolls,Woolworths,Frozen,9.9,9.9,False,0.0,24 pack,1.1,100G,,0,2026-06-18T14:40:52Z
woolworths,ww_310432,Findus Crumbed Fish Fingers,Findus,Frozen,2.75,5.5,True,50.0,10 pack,9.82,1KG,,0,2026-06-18T14:40:52Z
woolworths,ww_62050,Just Caught Raw Prawns Tail Off Large,Just Caught,Frozen,11.6,11.6,False,0.0,300g,38.67,1KG,,0,2026-06-18T14:40:52Z
woolworths,ww_227255,Ingham's Chicken Tenders Original,Ingham's,Frozen,13.0,13.0,False,0.0,1kg,13.0,1KG,,0,2026-06-18T14:40:52Z
woolworths,ww_768570,Woolworths Corn Kernels,Woolworths,Frozen,5.0,5.0,False,0.0,1kg,5.0,1KG,,0,2026-06-18T14:40:52Z
woolworths,ww_96844,Essentials Frozen Cut Green Beans,Essentials,Frozen,2.8,2.8,False,0.0,1kg,2.8,1KG,,0,2026-06-18T14:40:52Z
woolworths,ww_18574,McCain Peas Baby,McCain,Frozen,4.5,4.5,False,0.0,500g,9.0,1KG,,0,2026-06-18T14:40:52Z
woolworths,ww_695442,Woolworths Vegetable Cocktail Spring Rolls 60 Pack,Woolworths,Frozen,6.5,6.5,False,0.0,1kg,0.65,100G,,0,2026-06-18T14:40:52Z
woolworths,ww_741,McCain Pub Style Onion Rings,McCain,Frozen,5.8,5.8,False,0.0,500g,11.6,1KG,,0,2026-06-18T14:40:52Z
woolworths,ww_6033626,Bibigo Korean Style Fried Chicken With Sweet & Spicy Sauce,Bibigo,Frozen,9.0,13.0,True,30.8,350g,2.57,100G,,0,2026-06-18T14:40:52Z
woolworths,ww_662933,McCain Superfries Straight Cut,McCain,Frozen,4.3,4.3,False,0.0,900g,4.78,1KG,,0,2026-06-18T14:40:52Z
woolworths,ww_48914,Marathon Dim Sims Dim Sims,Marathon,Frozen,13.0,13.0,False,0.0,1.5kg,0.87,100G,,0,2026-06-18T14:40:52Z
woolworths,ww_322796,Birds Eye Steam Fresh Broccoli Carrots & Corn,Birds Eye,Frozen,5.5,5.5,False,0.0,750g,7.33,1KG,,0,2026-06-18T14:40:52Z
woolworths,ww_503713,Woolworths Shoestring Fries,Woolworths,Frozen,3.6,3.6,False,0.0,900g,4.0,1KG,,0,2026-06-18T14:40:52Z
woolworths,ww_6042407,WOW Pizza BBQ Meatlovers,WOW,Frozen,4.0,4.0,False,0.0,500g,0.8,100G,,0,2026-06-18T14:40:52Z
woolworths,ww_180652,Birds Eye Golden Crunch Crinkle Cut Chips,Birds Eye,Frozen,6.0,6.0,False,0.0,900g,6.67,1KG,,0,2026-06-18T14:40:52Z
woolworths,ww_854298,McCain Straight Sweet Potato Chips,McCain,Frozen,7.7,7.7,False,0.0,750g,10.27,1KG,,0,2026-06-18T14:40:52Z
woolworths,ww_45916,Birds Eye Oven Bake Fish Original Crumb,Birds Eye,Frozen,12.0,12.0,False,0.0,425g,28.24,1KG,,0,2026-06-18T14:40:52Z
woolworths,ww_3496,McCain Pizza Slice Snacks Ham & Pineapple,McCain,Frozen,9.8,9.8,False,0.0,2 pack,1.63,100G,,0,2026-06-18T14:40:52Z
woolworths,ww_6049842,Steggles Chicken Tenders Korean Style,Steggles,Frozen,14.0,14.0,False,0.0,600g,23.33,1KG,,0,2026-06-18T14:40:52Z
woolworths,ww_78067,McCain Pizza Pocket Snacks Hawaiian,McCain,Frozen,5.0,8.5,True,41.2,4 pack,1.25,100G,,0,2026-06-18T14:40:52Z
woolworths,ww_6076380,Bibigo Mini Pop Mandu Beef Bulgogi,Bibigo,Frozen,8.9,8.9,False,0.0,280g,3.18,100G,,0,2026-06-18T14:40:52Z
woolworths,ww_64179,Woolworths Snack Apple Pies,Woolworths,Frozen,3.8,3.8,False,0.0,4 pack,0.84,100G,,0,2026-06-18T14:40:52Z
woolworths,ww_99387,Bell Farms Frozen Baby Peas,Bell Farms,Frozen,2.2,2.2,False,0.0,500g,4.4,1KG,,0,2026-06-18T14:40:52Z
woolworths,ww_179958,Woolworths Chicken Breast Sweet Chilli Tenders,Woolworths,Frozen,9.0,9.0,False,0.0,1kg,9.0,1KG,,0,2026-06-18T14:40:52Z
woolworths,ww_662935,McCain Superfries Crinkle Cut,McCain,Frozen,4.3,4.3,False,0.0,900g,4.78,1KG,,0,2026-06-18T14:40:52Z
woolworths,ww_179039,Peters Drumstick Ice Cream Boysenberry Swirl,Peters,Frozen,9.9,9.9,False,0.0,4 pack,2.08,100ML,,0,2026-06-18T14:40:52Z
woolworths,ww_388386,Woolworths Beef Lasagne,Woolworths,Frozen,4.2,4.2,False,0.0,375g,1.12,100G,,0,2026-06-18T14:40:52Z
woolworths,ww_792235,Woolworths Ice Cream Cones Boysenberry,Woolworths,Frozen,3.7,3.7,False,0.0,4 pack,0.78,100ML,,0,2026-06-18T14:40:52Z
woolworths,ww_318573,Bibigo Mandu Pork Dumplings,Bibigo,Frozen,8.9,8.9,False,0.0,280g,3.18,100G,,0,2026-06-18T14:40:52Z
woolworths,ww_53205,McCain Pub Style Potato Wedges,McCain,Frozen,6.0,6.0,False,0.0,750g,8.0,1KG,,0,2026-06-18T14:40:52Z
woolworths,ww_792233,Woolworths Ice Cream Cones Vanilla,Woolworths,Frozen,3.7,3.7,False,0.0,4 pack,0.78,100ML,,0,2026-06-18T14:40:52Z
woolworths,ww_61999,Woolworths Prep Set Go Frozen Stir Fry Mixed Vegetables,Woolworths,Frozen,2.6,2.6,False,0.0,500g,5.2,1KG,,0,2026-06-18T14:40:52Z
woolworths,ww_70787,Woolworths Spaghetti Bolognese Frozen Meal,Woolworths,Frozen,4.2,4.2,False,0.0,375g,1.12,100G,,0,2026-06-18T14:40:52Z
woolworths,ww_227382,Ingham's Sweet Chilli Chicken Tenders,Ingham's,Frozen,13.0,13.0,False,0.0,1kg,13.0,1KG,,0,2026-06-18T14:40:52Z
woolworths,ww_777912,Woolworths Frozen Pitted Cherries,Woolworths,Frozen,6.5,6.5,False,0.0,500g,13.0,1KG,,0,2026-06-18T14:40:52Z
woolworths,ww_972913,Essentials French Fries,Essentials,Frozen,3.15,3.15,False,0.0,1kg,3.15,1KG,,0,2026-06-18T14:40:52Z
woolworths,ww_508730,Steggles Chicken Fingers Crumbed,Steggles,Frozen,10.5,13.5,True,22.2,1kg,10.5,1KG,,0,2026-06-18T14:40:52Z
woolworths,ww_662937,McCain Superfries Shoestring,McCain,Frozen,4.3,4.3,False,0.0,900g,4.78,1KG,,0,2026-06-18T14:40:52Z
woolworths,ww_768560,Woolworths Cauliflower Florets,Woolworths,Frozen,4.0,4.0,False,0.0,500g,8.0,1KG,,0,2026-06-18T14:40:52Z
woolworths,ww_310989,Bell Farms Corn Kernels Snap Frozen,Bell Farms,Frozen,4.0,4.0,False,0.0,1kg,4.0,1KG,,0,2026-06-18T14:40:52Z
woolworths,ww_817500,Macro Organic Spinach Leaf Portions,Macro,Frozen,5.0,5.0,False,0.0,450g,11.11,1KG,,0,2026-06-18T14:40:52Z
woolworths,ww_792236,Woolworths Ice Cream Cones Choc Mint,Woolworths,Frozen,3.7,3.7,False,0.0,4 pack,0.78,100ML,,0,2026-06-18T14:40:52Z
woolworths,ww_881481,Peters Drumstick Mini Chocolate Caramel,Peters,Frozen,9.9,9.9,False,0.0,6 pack,2.06,100ML,,0,2026-06-18T14:40:52Z
woolworths,ww_227176,Ingham's Chicken Nuggets Original,Ingham's,Frozen,13.0,13.0,False,0.0,1kg,13.0,1KG,,0,2026-06-18T14:40:52Z
woolworths,ww_248429,Herbert Adams Pies King Island Beef,Herbert Adams,Frozen,8.0,10.0,True,20.0,2 pack,1.9,100G,,0,2026-06-18T14:40:52Z
woolworths,ww_640776,Essentials Straight Cut Chips,Essentials,Frozen,3.15,3.15,False,0.0,1kg,3.15,1KG,,0,2026-06-18T14:40:52Z
woolworths,ww_89994,McCain Tuna Mornay Frozen Meal,McCain,Frozen,4.5,5.6,True,19.6,400g,1.13,100G,,0,2026-06-18T14:40:52Z
woolworths,ww_777911,Woolworths Frozen Mango,Woolworths,Frozen,6.5,6.5,False,0.0,500g,13.0,1KG,,0,2026-06-18T14:40:52Z
woolworths,ww_532343,Creative Gourmet Frozen Pineapple Pieces,Creative Gourmet,Frozen,6.5,6.5,False,0.0,500g,13.0,1KG,,0,2026-06-18T14:40:52Z
woolworths,ww_330824,Peters Drumstick Chocolate Mint,Peters,Frozen,9.9,9.9,False,0.0,4 pack,2.08,100ML,,0,2026-06-18T14:40:52Z
woolworths,ww_803377,Clearblue Pregnancy Test Ultra Early,Clearblue,Health & Wellness,17.0,20.0,True,15.0,3 pack,5.67,1EA,,0,2026-06-18T14:40:52Z
woolworths,ww_444306,Clearblue Pregnancy Test Rapid Detection,Clearblue,Health & Wellness,18.0,18.0,False,0.0,3 pack,6.0,1EA,,0,2026-06-18T14:40:52Z
woolworths,ww_275790,Clearblue Visual Early Detect Pregnancy Tests,Clearblue,Health & Wellness,36.0,36.0,False,0.0,7 pack,5.14,1EA,,0,2026-06-18T14:40:52Z
woolworths,ww_310931,Clearblue Pregnancy Test Combo Pack,Clearblue,Health & Wellness,26.0,26.0,False,0.0,3 pack,26.0,1EA,,0,2026-06-18T14:40:52Z
woolworths,ww_331595,Macro Organic Corn Chips Natural,Macro,Health & Wellness,3.7,3.7,False,0.0,200g,1.85,100G,,0,2026-06-18T14:40:52Z
woolworths,ww_651474,Macro Black Chia Seeds,Macro,Health & Wellness,6.0,6.0,False,0.0,350g,1.71,100G,,0,2026-06-18T14:40:52Z
woolworths,ww_913540,Table Of Plenty Mini Rice Cakes Milk Chocolate Snack Packs,Table Of Plenty,Health & Wellness,7.0,7.0,False,0.0,6 pack,8.33,100G,,0,2026-06-18T14:40:52Z
woolworths,ww_193885,Fresh Medjool Dates Loose,,Health & Wellness,26.0,26.0,False,0.0,per 250g,26.0,1KG,,0,2026-06-18T14:40:52Z
woolworths,ww_363227,Ceres Organics Brown Rice Cakes Original,Ceres Organics,Health & Wellness,4.0,4.0,False,0.0,110g,3.64,100G,,0,2026-06-18T14:40:52Z
woolworths,ww_6047509,Table Of Plenty Mini Rice Cakes Milk Chocolate With 100s & 1000s,Table Of Plenty,Health & Wellness,7.0,7.0,False,0.0,6 pack,6.86,100G,,0,2026-06-18T14:40:52Z
woolworths,ww_6009022,Clearblue Digital Pregnancy Test Ultra Early,Clearblue,Health & Wellness,29.0,29.0,False,0.0,2 pack,14.5,1EA,,0,2026-06-18T14:40:52Z
woolworths,ww_482440,Clearblue Trying To Get Pregnant Kit 10 Ovulation & 1 Pregnancy Test,Clearblue,Health & Wellness,34.8,40.0,True,13.0,each,3.48,1EA,,0,2026-06-18T14:40:52Z
woolworths,ww_433239,Difflam Soothing Drops + Immune Support Strawberry,Difflam,Health & Wellness,4.5,4.5,False,0.0,20 pack,0.23,1EA,,0,2026-06-18T14:40:52Z
woolworths,ww_232256,First Response Pregnancy Test Instream,First Response,Health & Wellness,20.0,20.0,False,0.0,3 pack,6.67,1EA,,0,2026-06-18T14:40:52Z
woolworths,ww_215450,Macro Organic Spaghetti Pasta,Macro,Health & Wellness,1.95,1.95,False,0.0,500g,0.39,100G,,0,2026-06-18T14:40:52Z
woolworths,ww_913593,Table Of Plenty Mini Rice Cakes Dark Chocolate Snack Packs,Table Of Plenty,Health & Wellness,7.0,7.0,False,0.0,6 pack,8.33,100G,,0,2026-06-18T14:40:52Z
woolworths,ww_71919,Table Of Plenty Mini Rice Cakes Berry Yoghurt Topped,Table Of Plenty,Health & Wellness,7.0,7.0,False,0.0,6 pack,8.33,100G,,0,2026-06-18T14:40:52Z
woolworths,ww_501762,Woolworths Sesame Seeds,Woolworths,Health & Wellness,1.65,1.65,False,0.0,100g,16.5,1KG,,0,2026-06-18T14:40:52Z
woolworths,ww_136913,Swisspers Cotton Tips,Swisspers,Health & Wellness,5.0,5.0,False,0.0,240 pack,2.08,100EA,,0,2026-06-18T14:40:52Z
woolworths,ww_220751,Help@Hand Cotton Tips No Plastic Stems,Help@Hand,Health & Wellness,2.5,2.5,False,0.0,200 pack,1.25,100EA,,0,2026-06-18T14:40:52Z
woolworths,ww_699980,Musashi Wafer Protein Bar Chocolate,Musashi,Health & Wellness,4.5,4.5,False,0.0,40g,11.25,100G,,0,2026-06-18T14:40:52Z
woolworths,ww_153164,Musashi Crisp Protein Bar Chocolate Peanut,Musashi,Health & Wellness,4.9,4.9,False,0.0,60g,8.17,100G,,0,2026-06-18T14:40:52Z
woolworths,ww_501763,Woolworths Sunflower Seeds,Woolworths,Health & Wellness,2.2,2.2,False,0.0,200g,11.0,1KG,,0,2026-06-18T14:40:52Z
woolworths,ww_821066,Musashi Shred & Burn Protein Shake Chocolate Milkshake,Musashi,Health & Wellness,5.5,5.5,False,0.0,375mL,14.67,1L,,0,2026-06-18T14:40:52Z
woolworths,ww_390904,Koja Oat Bites Choc Chip,Koja,Health & Wellness,7.5,7.5,False,0.0,150g,5.0,100G,,0,2026-06-18T14:40:52Z
woolworths,ww_15722,Swisspers Cotton Pads Make Up,Swisspers,Health & Wellness,4.3,4.3,False,0.0,80 pack,5.38,100EA,,0,2026-06-18T14:40:52Z
woolworths,ww_794875,Weet-Bix Gluten Free Breakfast Cereal,Weet-Bix,Health & Wellness,5.0,5.0,False,0.0,375g,1.33,100G,,0,2026-06-18T14:40:52Z
woolworths,ww_446583,Ceres Organics Brown Rice Crackers Chia,Ceres Organics,Health & Wellness,4.0,4.0,False,0.0,115g,3.48,100G,,0,2026-06-18T14:40:52Z
woolworths,ww_726442,Ceres Organics Seaweed Nori Original Snack,Ceres Organics,Health & Wellness,7.0,7.0,False,0.0,2g x 8 pack,43.75,100G,,0,2026-06-18T14:40:52Z
woolworths,ww_671971,Macro Organic Cacao Powder,Macro,Health & Wellness,10.0,10.0,False,0.0,250g,4.0,100G,,0,2026-06-18T14:40:52Z
woolworths,ww_286090,Grenade Oreo Milk Chocolate Protein Bar,Grenade,Health & Wellness,5.0,5.0,False,0.0,60g,8.33,100G,,0,2026-06-18T14:40:52Z
woolworths,ww_600878,Woolworths Dry Roasted Almonds Nuts,Woolworths,Health & Wellness,8.0,8.0,False,0.0,400g,20.0,1KG,,0,2026-06-18T14:40:52Z
woolworths,ww_791122,Help@Hand Make Up Pads,Help@Hand,Health & Wellness,1.5,1.5,False,0.0,80 pack,1.88,100EA,,0,2026-06-18T14:40:52Z
woolworths,ww_479953,Macro Organic Psyllium Husk,Macro,Health & Wellness,7.0,7.0,False,0.0,250g,2.8,100G,,0,2026-06-18T14:40:52Z
woolworths,ww_57855,Vege Chips Multi 12 Pack,Vege Chips,Health & Wellness,9.5,9.5,False,0.0,250g,3.8,100G,,0,2026-06-18T14:40:52Z
woolworths,ww_376068,Funday Natural Sweets Flavoured Gummies Strawberry & Cream,Funday,Health & Wellness,3.5,4.5,True,22.2,50g,7.0,100G,,0,2026-06-18T14:40:52Z
woolworths,ww_81785,Pureharvest Organic Tamari Soy Sauce,Pureharvest,Health & Wellness,4.3,4.3,False,0.0,250mL,1.72,100ML,,0,2026-06-18T14:40:52Z
woolworths,ww_717631,Macro Organic Quinoa Tri Colour,Macro,Health & Wellness,6.0,6.0,False,0.0,500g,1.2,100G,,0,2026-06-18T14:40:52Z
woolworths,ww_172660,Woolworths Cashews Roasted & Salted,Woolworths,Health & Wellness,14.0,14.0,False,0.0,750g,18.67,1KG,,0,2026-06-18T14:40:52Z
woolworths,ww_117189,Healtheries Potato Stix Chicken,Healtheries,Health & Wellness,4.5,5.0,True,10.0,20g x 6 pack,3.75,100G,,0,2026-06-18T14:40:52Z
woolworths,ww_769892,Woolworths Free From Gluten Breadcrumbs,Woolworths,Health & Wellness,4.25,4.25,False,0.0,350g,1.21,100G,,0,2026-06-18T14:40:52Z
woolworths,ww_68711,Table Of Plenty Mini Rice Cakes Snack Packs Caramel White Choc,Table Of Plenty,Health & Wellness,7.0,7.0,False,0.0,6 pack,8.33,100G,,0,2026-06-18T14:40:52Z
woolworths,ww_657399,San Remo Gluten Free Spirals,San Remo,Health & Wellness,4.5,4.5,False,0.0,350g,1.29,100G,,0,2026-06-18T14:40:52Z
woolworths,ww_331588,Macro Organic Corn Chips Cheese,Macro,Health & Wellness,3.7,3.7,False,0.0,200g,1.85,100G,,0,2026-06-18T14:40:52Z
woolworths,ww_6072110,Gevity Rx Chocolate Bone Broth,Gevity Rx,Health & Wellness,17.5,17.5,False,0.0,200g,8.75,100G,,0,2026-06-18T14:40:52Z
woolworths,ww_104052,Frisp Raspberry Crisps Choc Coated,Frisp,Health & Wellness,6.0,7.5,True,20.0,100g,6.0,100G,,0,2026-06-18T14:40:52Z
woolworths,ww_6071974,Gevity Rx Goodstachio Pistachio Spread,Gevity Rx,Health & Wellness,12.8,16.0,True,20.0,150g,8.53,100G,,0,2026-06-18T14:40:52Z
woolworths,ww_916772,Panadol Rapid For Fast Pain Relief With Paracetamol 500mg,Panadol,Health & Wellness,5.7,5.7,False,0.0,16 pack,0.36,1EA,,0,2026-06-18T14:40:52Z
woolworths,ww_815872,Woolworths Pecans,Woolworths,Health & Wellness,4.3,4.3,False,0.0,150g,28.67,1KG,,0,2026-06-18T14:40:52Z
woolworths,ww_671889,Macro Australian Hemp Seeds,Macro,Health & Wellness,6.6,6.6,False,0.0,200g,3.3,100G,,0,2026-06-18T14:40:52Z
woolworths,ww_555158,Musashi Protein Crisp Bar White Choc Cookies & Cream,Musashi,Health & Wellness,4.9,4.9,False,0.0,60g,8.17,100G,,0,2026-06-18T14:40:52Z
woolworths,ww_600808,Woolworths Crunchy Natural Almonds,Woolworths,Health & Wellness,8.0,8.0,False,0.0,400g,20.0,1KG,,0,2026-06-18T14:40:52Z
woolworths,ww_557264,Musashi Protein Wafer Bar White Chocolate,Musashi,Health & Wellness,4.5,4.5,False,0.0,40g,11.25,100G,,0,2026-06-18T14:40:52Z
woolworths,ww_220852,Help@Hand Cotton Tips,Help@Hand,Health & Wellness,4.0,4.0,False,0.0,400 pack,1.0,100EA,,0,2026-06-18T14:40:52Z
woolworths,ww_232260,Mylanta 2Go Antacid Double Strength Chewable Tablets Lemon Mint,Mylanta,Health & Wellness,8.5,8.5,False,0.0,24 pack,0.35,1EA,,0,2026-06-18T14:40:52Z
woolworths,ww_225621,Band-Aid Tough Strips Regular,Band-Aid,Health & Wellness,3.5,3.5,False,0.0,20 pack,0.18,1EA,,0,2026-06-18T14:40:52Z
woolworths,ww_829122,First Response Pregnancy Test Instream,First Response,Health & Wellness,35.5,35.5,False,0.0,7 pack,5.07,1EA,,0,2026-06-18T14:40:52Z
woolworths,ww_764209,Nicaway Stop Smoking Mint Gum 4Mg,Nicaway,Health & Wellness,27.0,27.0,False,0.0,96 pack,28.13,100EA,,0,2026-06-18T14:40:52Z
woolworths,ww_6027807,Grenade Salted Caramel Protein Bar,Grenade,Health & Wellness,5.0,5.0,False,0.0,60g,8.33,100G,,0,2026-06-18T14:40:52Z
woolworths,ww_6070654,Funday Barbie Berry Kisses Gummies,Funday,Health & Wellness,3.5,4.5,True,22.2,50g,7.0,100G,,0,2026-06-18T14:40:52Z
woolworths,ww_119059,True Fruit Apple & Strawberry Straps,True Fruit,Health & Wellness,5.8,5.8,False,0.0,120g,4.83,100G,,0,2026-06-18T14:40:52Z
woolworths,ww_96154,Vege Chips Barbeque,Vege Chips,Health & Wellness,4.9,4.9,False,0.0,100g,4.9,100G,,0,2026-06-18T14:40:52Z
woolworths,ww_275141,Musashi Protein Crisp Choc Brownie,Musashi,Health & Wellness,4.9,4.9,False,0.0,60g,8.17,100G,,0,2026-06-18T14:40:52Z
woolworths,ww_698018,Macro Organic Brown Flaxseed Meal,Macro,Health & Wellness,6.3,6.3,False,0.0,500g,1.26,100G,,0,2026-06-18T14:40:52Z
woolworths,ww_176411,Woolworths Almonds Kernels,Woolworths,Health & Wellness,13.5,13.5,False,0.0,750g,18.0,1KG,,0,2026-06-18T14:40:52Z
woolworths,ww_893874,Funday No Sugar Added Party Mix Natural Sweets,Funday,Health & Wellness,3.5,4.5,True,22.2,50g,7.0,100G,,0,2026-06-18T14:40:52Z
woolworths,ww_357265,Macro Natural Almond Spread,Macro,Health & Wellness,6.0,6.0,False,0.0,250g,2.4,100G,,0,2026-06-18T14:40:52Z
woolworths,ww_334757,Macro Organic Hulled Tahini Spread,Macro,Health & Wellness,5.0,5.0,False,0.0,375g,1.33,100G,,0,2026-06-18T14:40:52Z
woolworths,ww_8519,Golden Days Snacks Sesame Snaps,Golden Days,Health & Wellness,3.0,3.0,False,0.0,40g x 3 pack,2.5,100G,,0,2026-06-18T14:40:52Z
woolworths,ww_6028961,Grenade Protein Bar White Oreo,Grenade,Health & Wellness,5.0,5.0,False,0.0,60g,8.33,100G,,0,2026-06-18T14:40:52Z
woolworths,ww_62842,Vege Chips Natural,Vege Chips,Health & Wellness,4.9,4.9,False,0.0,100g,4.9,100G,,0,2026-06-18T14:40:52Z
woolworths,ww_363226,Ceres Organics Rice Cakes No Added Salt,Ceres Organics,Health & Wellness,4.0,4.0,False,0.0,110g,3.64,100G,,0,2026-06-18T14:40:52Z
woolworths,ww_131,Golden Days Fruit Snacks Bites Apricot Delight,Golden Days,Health & Wellness,4.0,4.0,False,0.0,150g,2.67,100G,,0,2026-06-18T14:40:52Z
woolworths,ww_184441,Funday Natural Sweets No Sugar Added Lollies Raspberry Gummy Frogs,Funday,Health & Wellness,3.5,4.5,True,22.2,50g,7.0,100G,,0,2026-06-18T14:40:52Z
woolworths,ww_133300,Macro Organic Natural Pumpkin Kernels,Macro,Health & Wellness,5.7,5.7,False,0.0,250g,22.8,1KG,,0,2026-06-18T14:40:52Z
woolworths,ww_6044601,Funday Natural Sweets Peaches & Cream Flavoured Gummies,Funday,Health & Wellness,3.5,4.5,True,22.2,50g,7.0,100G,,0,2026-06-18T14:40:52Z
woolworths,ww_965281,Macro Chia Seed Black & White,Macro,Health & Wellness,6.6,6.6,False,0.0,150g,4.4,100G,,0,2026-06-18T14:40:52Z
woolworths,ww_779237,Woolworths Free From Gluten Chocolate Chip Biscuit,Woolworths,Health & Wellness,2.9,2.9,False,0.0,160g,1.81,100G,,0,2026-06-18T14:40:52Z
woolworths,ww_209105,Musashi Protein Cookie Choc Chip Low Sugar Snack,Musashi,Health & Wellness,4.9,4.9,False,0.0,58g,8.45,100G,,0,2026-06-18T14:40:52Z
woolworths,ww_749540,Woolworths Walnuts Kernel,Woolworths,Health & Wellness,11.0,11.0,False,0.0,500g,22.0,1KG,,0,2026-06-18T14:40:52Z
woolworths,ww_781444,Ceres Organics Seaweed Nori Original Snack,Ceres Organics,Health & Wellness,2.2,2.2,False,0.0,5g,44.0,100G,,0,2026-06-18T14:40:52Z
woolworths,ww_236145,Funday Fruity Flavoured Gummy Snakes,Funday,Health & Wellness,3.5,4.5,True,22.2,50g,7.0,100G,,0,2026-06-18T14:40:52Z
woolworths,ww_202399,Woolworths Cashews Roasted & Unsalted,Woolworths,Health & Wellness,14.0,14.0,False,0.0,750g,18.67,1KG,,0,2026-06-18T14:40:52Z
woolworths,ww_82835,Golden Days Fruit Snacks Bites Apricot,Golden Days,Health & Wellness,6.0,6.0,False,0.0,40g x 5 pack,3.0,100G,,0,2026-06-18T14:40:52Z
woolworths,ww_6029112,Koja Oat Bites Raspberry Choc Chip,Koja,Health & Wellness,7.5,7.5,False,0.0,150g,5.0,100G,,0,2026-06-18T14:40:52Z
woolworths,ww_263796,Vege Chips Salt & Vinegar,Vege Chips,Health & Wellness,4.9,4.9,False,0.0,100g,4.9,100G,,0,2026-06-18T14:40:52Z
woolworths,ww_726520,Ceres Organics Brown Rice Crackers Salt & Vinegar,Ceres Organics,Health & Wellness,4.0,4.0,False,0.0,115g,3.48,100G,,0,2026-06-18T14:40:52Z
woolworths,ww_22576,Kez's Kitchen Chocolate Crackle,Kez's Kitchen,Health & Wellness,6.0,6.0,False,0.0,5 pack,8.0,100G,,0,2026-06-18T14:40:52Z
woolworths,ww_195126,Lyher Rapid Antigen Test Kit,Lyher,Health & Wellness,20.0,20.0,False,0.0,5 pack,20.0,1EA,,0,2026-06-18T14:40:52Z
woolworths,ww_919320,Muscle Nation Protein Daily Shake Powder Milk Chocolate Flavour,Muscle Nation,Health & Wellness,24.5,35.0,True,30.0,300g,8.17,100G,,0,2026-06-18T14:40:52Z
woolworths,ww_913387,Muscle Nation Cheesecake Protein Bar Strawberry,Muscle Nation,Health & Wellness,3.15,4.5,True,30.0,50g,6.3,100G,,0,2026-06-18T14:40:52Z
woolworths,ww_161517,Macro Organic Black Chia Seeds,Macro,Health & Wellness,8.5,8.5,False,0.0,300g,2.83,100G,,0,2026-06-18T14:40:52Z
woolworths,ww_774695,Golden Palm Medjool Dates Punnet,Golden Palm,Health & Wellness,11.2,12.5,True,10.4,450g,24.89,1KG,,0,2026-06-18T14:40:52Z
woolworths,ww_224381,Freedom Classic Rice Puffs Cereal,Freedom,Health & Wellness,6.0,6.0,False,0.0,250g,2.4,100G,,0,2026-06-18T14:40:52Z
woolworths,ww_746176,Help@Hand Epsom Salt,Help@Hand,Health & Wellness,5.4,5.4,False,0.0,1kg,0.54,100G,,0,2026-06-18T14:40:52Z
woolworths,ww_184901,Koja Dark Choc Chip Oat Bar,Koja,Health & Wellness,3.5,3.5,False,0.0,60g,5.83,100G,,0,2026-06-18T14:40:52Z
woolworths,ww_791123,Help@Hand Cotton Balls,Help@Hand,Health & Wellness,1.6,1.6,False,0.0,200 pack,0.8,100EA,,0,2026-06-18T14:40:52Z
woolworths,ww_6000599,Muscle Nation Protein Bar Cheesecake Zesty Lemon,Muscle Nation,Health & Wellness,3.15,4.5,True,30.0,50g,6.3,100G,,0,2026-06-18T14:40:52Z
woolworths,ww_913388,Muscle Nation Protein Custard Bar White Chocolate Raspberry,Muscle Nation,Health & Wellness,3.15,4.5,True,30.0,60g,5.25,100G,,0,2026-06-18T14:40:52Z
woolworths,ww_103297,Muscle Nation Protein Water Powder Apple Blackcurrant Flavour,Muscle Nation,Health & Wellness,24.5,35.0,True,30.0,300g,8.17,100G,,0,2026-06-18T14:40:52Z
woolworths,ww_915466,Muscle Nation Protein Water Powder Raspberry,Muscle Nation,Health & Wellness,24.5,35.0,True,30.0,300g,8.17,100G,,0,2026-06-18T14:40:52Z
woolworths,ww_106209,FreshLife Soy Protein Crisps,FreshLife,Health & Wellness,7.0,7.0,False,0.0,150g,4.67,100G,,0,2026-06-18T14:40:52Z
woolworths,ww_267298,Double 'D' Smart Sweets Sour Bears,Double 'D',Health & Wellness,2.7,2.7,False,0.0,50g,5.4,100G,,0,2026-06-18T14:40:52Z
woolworths,ww_184482,Funday Natural Sweets No Sugar Added Lollies Sour Peach Hearts,Funday,Health & Wellness,3.5,4.5,True,22.2,50g,7.0,100G,,0,2026-06-18T14:40:52Z
woolworths,ww_693004,Ceres Organics Brown Rice Cakes Quinoa Quinoa,Ceres Organics,Health & Wellness,4.0,4.0,False,0.0,110g,3.64,100G,,0,2026-06-18T14:40:52Z
woolworths,ww_869169,Musashi High Protein Bar Chocolate Brownie,Musashi,Health & Wellness,6.9,6.9,False,0.0,90g,7.67,100G,,0,2026-06-18T14:40:52Z
woolworths,ww_686544,Macro Nutritional Yeast Flakes,Macro,Health & Wellness,8.0,8.0,False,0.0,200g,4.0,100G,,0,2026-06-18T14:40:52Z
woolworths,ww_751353,Macro Organic Virgin Coconut Oil,Macro,Health & Wellness,5.25,5.25,False,0.0,300g,1.75,100G,,0,2026-06-18T14:40:52Z
woolworths,ww_288117,Funday Natural Sweets Sour Cola Flavoured Bottles,Funday,Health & Wellness,3.5,4.5,True,22.2,50g,7.0,100G,,0,2026-06-18T14:40:52Z
woolworths,ww_651475,Macro White Chia Seeds,Macro,Health & Wellness,6.4,6.4,False,0.0,350g,1.83,100G,,0,2026-06-18T14:40:52Z
woolworths,ww_6045212,Table Of Plenty Air Popped Mini Rice Cakes Cheddar Cheese Snack,Table Of Plenty,Health & Wellness,6.0,6.0,False,0.0,6 pack,6.67,100G,,0,2026-06-18T14:40:52Z
woolworths,ww_267269,Double 'D' Smart Sweets Berry Bears,Double 'D',Health & Wellness,2.7,2.7,False,0.0,50g,5.4,100G,,0,2026-06-18T14:40:52Z
woolworths,ww_868314,Woolworths Free From Gluten Choc Chip Mini Cookies,Woolworths,Health & Wellness,4.5,4.5,False,0.0,8 pack,2.25,100G,,0,2026-06-18T14:40:52Z
woolworths,ww_651571,Woolworths Free From Gluten Scotch Finger Biscuits,Woolworths,Health & Wellness,3.0,3.0,False,0.0,160g,1.88,100G,,0,2026-06-18T14:40:52Z
woolworths,ww_676994,"Musashi High Protein Shake Chocolate 99% Fat Free,",Musashi,Health & Wellness,5.5,5.5,False,0.0,375mL,14.67,1L,,0,2026-06-18T14:40:52Z
woolworths,ww_390086,Koja Oat Bites Muesli Slice,Koja,Health & Wellness,7.5,7.5,False,0.0,150g,5.0,100G,,0,2026-06-18T14:40:52Z
woolworths,ww_6045304,Koja Wholegrain Popcorn Bar Chocolate Drizzle,Koja,Health & Wellness,7.5,7.5,False,0.0,5 pack,6.82,100G,,0,2026-06-18T14:40:52Z
woolworths,ww_6045122,Table Of Plenty Air Popped Mini Rice Cakes Salt & Vinegar Snack,Table Of Plenty,Health & Wellness,6.0,6.0,False,0.0,6 pack,6.67,100G,,0,2026-06-18T14:40:52Z
woolworths,ww_501764,Woolworths Hazelnut Kernels,Woolworths,Health & Wellness,4.9,4.9,False,0.0,110g,44.55,1KG,,0,2026-06-18T14:40:52Z
woolworths,ww_607069,Macro Organic Coconut Flakes,Macro,Health & Wellness,3.3,3.3,False,0.0,200g,1.65,100G,,0,2026-06-18T14:40:52Z
woolworths,ww_700014,Musashi Wafer Protein Bar Vanilla,Musashi,Health & Wellness,4.5,4.5,False,0.0,40g,11.25,100G,,0,2026-06-18T14:40:52Z
woolworths,ww_71917,Ceres Organics Seaweed Original,Ceres Organics,Health & Wellness,10.0,10.0,False,0.0,5g x 6 pack,33.33,100G,,0,2026-06-18T14:40:52Z
woolworths,ww_133476,Macro Organic Natural Walnuts,Macro,Health & Wellness,10.0,10.0,False,0.0,250g,40.0,1KG,,0,2026-06-18T14:40:52Z
woolworths,ww_927881,The Happy Snack Company Roasted Chickpeas Lightly Salted,The Happy Snack Company,Health & Wellness,6.0,6.0,False,0.0,6 pack,4.0,100G,,0,2026-06-18T14:40:52Z
woolworths,ww_661303,Bosisto's Eucalyptus Spray,Bosisto's,Health & Wellness,9.6,9.6,False,0.0,225g,4.27,100G,,0,2026-06-18T14:40:52Z
woolworths,ww_104091,Koja Bickie Bites Choc Chip,Koja,Health & Wellness,7.5,7.5,False,0.0,150g,5.0,100G,,0,2026-06-18T14:40:52Z
woolworths,ww_79,Bellis Bar Apricot,Bellis,Health & Wellness,1.0,1.0,False,0.0,45g,2.22,100G,,0,2026-06-18T14:40:52Z
woolworths,ww_927838,The Happy Snack Company Roasted Fava Beans Sea Salt & Balsamic Vinegar,The Happy Snack Company,Health & Wellness,6.0,6.0,False,0.0,6 pack,4.0,100G,,0,2026-06-18T14:40:52Z
woolworths,ww_117737,Vege Chips Rice Crackers Honey Soy,Vege Chips,Health & Wellness,2.45,4.9,True,50.0,75g,3.27,100G,,0,2026-06-18T14:40:52Z
woolworths,ww_294329,Macro LSA Mix,Macro,Health & Wellness,3.55,3.55,False,0.0,250g,1.42,100G,,0,2026-06-18T14:40:52Z
woolworths,ww_335073,Macro Organic Quinoa,Macro,Health & Wellness,5.75,5.75,False,0.0,500g,1.15,100G,,0,2026-06-18T14:40:52Z
woolworths,ww_502077,Vanish Gold Pro Turbo Stain Remover Powder,Vanish,Household,10.0,20.0,True,50.0,1kg,10.0,1KG,,0,2026-06-18T14:40:52Z
woolworths,ww_156865,icare Wipex Absorbent Recycled Pick A Size Paper Towel,icare,Household,4.5,4.5,False,0.0,3 x 100 pack,1.5,100 sheets,,0,2026-06-18T14:40:52Z
woolworths,ww_385130,Dynamo Professional Laundry Liquid 7 In 1 Action,Dynamo,Household,12.0,12.0,False,0.0,1L,12.0,1L,,0,2026-06-18T14:40:52Z
woolworths,ww_95186,Bref Deluxe Delicate Magnolia Toilet Cleaner Block,Bref,Household,5.5,11.0,True,50.0,50g x 2 pack,5.5,100G,,0,2026-06-18T14:40:52Z
woolworths,ww_759496,Essentials Facial Tissues,Essentials,Household,1.9,1.9,False,0.0,224 pack,0.85,100 sheets,,0,2026-06-18T14:40:52Z
woolworths,ww_574728,Quilton Tuffy 4 Ply White Paper Towel,Quilton,Household,5.0,5.0,False,0.0,3 x 60 pack,2.78,100 sheets,,0,2026-06-18T14:40:52Z
woolworths,ww_390686,Vevelle Luxury Soft 3 Ply Toilet Tissue,Vevelle,Household,9.0,9.0,False,0.0,24 pack,0.2,100 sheets,,0,2026-06-18T14:40:52Z
woolworths,ww_851925,Quilton White 3 Ply Toilet Paper White 180 Sheets,Quilton,Household,13.6,13.6,False,0.0,24 pack,0.31,100 sheets,,0,2026-06-18T14:40:52Z
woolworths,ww_167699,Strike Pro 3 Ply Paper Towel 3 Ply,Strike,Household,3.2,3.2,False,0.0,3 x 60 pack,1.78,100 sheets,,0,2026-06-18T14:40:52Z
woolworths,ww_79502,Kleenex Aloe Vera & Vitamin E 3 Ply Facial Tissues,Kleenex,Household,2.6,2.6,False,0.0,95 pack,2.74,100 sheets,,0,2026-06-18T14:40:52Z
woolworths,ww_6005360,Foodbank 3 Ply Toilet Paper,Foodbank,Household,10.0,11.0,True,9.1,20 pack,0.28,100 sheets,,0,2026-06-18T14:40:52Z
woolworths,ww_660923,Bref Duo Cubes Clear Water Flower Toilet Cleaner In Tank Block,Bref,Household,5.0,5.0,False,0.0,50g x 2 pack,5.0,100G,,0,2026-06-18T14:40:52Z
woolworths,ww_660833,Earthwise Orange & Eucalyptus Laundry Capsules Washing Detergent,Earthwise,Household,10.0,20.0,True,50.0,26 pack,0.38,1EA,,0,2026-06-18T14:40:52Z
woolworths,ww_618646,Vanish Gold Pro Turbo Stain Remover Powder,Vanish,Household,19.0,38.0,True,50.0,2kg,9.5,1KG,,0,2026-06-18T14:40:52Z
woolworths,ww_183671,Symphony Facial Tissues White 228Ss,Symphony,Household,5.0,5.0,False,0.0,3 pack,0.73,100 sheets,,0,2026-06-18T14:40:52Z
woolworths,ww_785118,Sorbent Soft & Strong 3 Ply Toilet Paper,Sorbent,Household,8.5,8.5,False,0.0,20 pack,0.24,100 sheets,,0,2026-06-18T14:40:52Z
woolworths,ww_10432,Earth Choice Dishwashing Liquid,Earth Choice,Household,2.55,2.55,False,0.0,1L,0.26,100ML,,0,2026-06-18T14:40:52Z
woolworths,ww_171164,Strike 2 Ply Paper Towel 2 Ply,Strike,Household,2.2,2.2,False,0.0,2 x 80 pack,1.38,100 sheets,,0,2026-06-18T14:40:52Z
woolworths,ww_252037,Handee Ultra Paper Towel 2 Ply 180 Sheets,Handee,Household,3.5,5.0,True,30.0,3 x 60 pack,1.94,100 sheets,,0,2026-06-18T14:40:52Z
woolworths,ww_473213,Quilton Gold 4 Ply Toilet Paper,Quilton,Household,6.0,10.3,True,41.7,12 pack,0.36,100 sheets,,0,2026-06-18T14:40:52Z
woolworths,ww_644239,Quilton 2Ply Tissue Hypo-Allergenic,Quilton,Household,1.45,2.9,True,50.0,250 pack,0.58,100 sheets,,0,2026-06-18T14:40:52Z
woolworths,ww_183858,Shine Dishwashing Liquid Lemon,Shine,Household,1.4,1.4,False,0.0,1L,0.14,100ML,,0,2026-06-18T14:40:52Z
woolworths,ww_212842,Handee Ultra Double Length White Paper Towel,Handee,Household,5.25,5.25,False,0.0,2 x 120 pack,2.19,100 sheets,,0,2026-06-18T14:40:52Z
woolworths,ww_63899,Kleenex Everyday 2 Ply Facial Tissues,Kleenex,Household,3.0,3.0,False,0.0,200 pack,1.5,100 sheets,,0,2026-06-18T14:40:52Z
woolworths,ww_252787,Armada Baking Paper,Armada,Household,2.7,2.7,False,0.0,15m,0.18,1M,,0,2026-06-18T14:40:52Z
woolworths,ww_64018,Armada Kitchen Tidy Bags With Handles Large Roll,Armada,Household,2.6,2.6,False,0.0,30 pack,0.09,1EA,,0,2026-06-18T14:40:52Z
woolworths,ww_580263,Kleenex Complete Clean White Toilet Paper,Kleenex,Household,12.0,12.0,False,0.0,24 pack,0.28,100 sheets,,0,2026-06-18T14:40:52Z
woolworths,ww_105598,Essentials Aluminium Foil 30m,Essentials,Household,4.5,4.5,False,0.0,each,0.15,1M,,0,2026-06-18T14:40:52Z
woolworths,ww_172610,Kleenex Large & Thick 3 Ply Facial Tissues,Kleenex,Household,3.1,3.1,False,0.0,95 pack,3.26,100 sheets,,0,2026-06-18T14:40:52Z
woolworths,ww_573468,Viva White Paper Towel White 360 Sheets,Viva,Household,8.0,8.0,False,0.0,6 x 60 pack,2.22,100 sheets,,0,2026-06-18T14:40:52Z
woolworths,ww_517111,Armada Large Kitchen Tidy Bag Lavender/Lemon Scented,Armada,Household,2.5,2.5,False,0.0,25 pack,0.1,1EA,,0,2026-06-18T14:40:52Z
woolworths,ww_183960,Strike Pro Antibacterial Power Gel Toilet Cleaner Marine Fresh,Strike,Household,2.2,2.2,False,0.0,700mL,0.31,100ML,,0,2026-06-18T14:40:52Z
woolworths,ww_742707,Quilton King Size 3 Ply Toilet Paper Unscented,Quilton,Household,5.8,5.8,False,0.0,6 pack,0.55,100 sheets,,0,2026-06-18T14:40:52Z
woolworths,ww_517079,Armada Resealable Sandwich Bags,Armada,Household,3.65,3.65,False,0.0,120 pack,0.03,1EA,,0,2026-06-18T14:40:52Z
woolworths,ww_91722,Armada Freezer Bags Large,Armada,Household,0.8,0.8,False,0.0,40 pack,0.02,1EA,,0,2026-06-18T14:40:52Z
woolworths,ww_644240,Quilton Gold 4 Ply Tissues Aloe Vera,Quilton,Household,2.2,2.2,False,0.0,100 pack,2.2,100 sheets,,0,2026-06-18T14:40:52Z
woolworths,ww_94671,Armada Garbage Bags,Armada,Household,3.0,3.0,False,0.0,20 pack,0.15,1EA,,0,2026-06-18T14:40:52Z
woolworths,ww_183940,Strike Bleach,Strike,Household,2.0,2.0,False,0.0,2L,0.1,100ML,,0,2026-06-18T14:40:52Z
woolworths,ww_196464,Quilton Double Length White 3 Ply Toilet Paper,Quilton,Household,12.0,12.0,False,0.0,8 pack,0.42,100 sheets,,0,2026-06-18T14:40:52Z
woolworths,ww_157334,Viva Select A Size Double Length Paper Towel,Viva,Household,8.0,8.0,False,0.0,3 x 180 pack,1.48,100 sheets,,0,2026-06-18T14:40:52Z
woolworths,ww_722,Kleenex Complete Clean Double Length Toilet Paper,Kleenex,Household,13.5,13.5,False,0.0,12 pack,0.31,100 sheets,,0,2026-06-18T14:40:52Z
woolworths,ww_171303,Vevelle White 2 Ply Toilet Tissue,Vevelle,Household,6.0,6.0,False,0.0,12 pack,0.19,100 sheets,,0,2026-06-18T14:40:52Z
woolworths,ww_65008,Earth Choice Top & Front Loader,Earth Choice,Household,3.2,3.2,False,0.0,1L,3.2,1L,,0,2026-06-18T14:40:52Z
woolworths,ww_32969,Kleenex Aloe Vera & Vitamin E 3 Ply Facial Tissues,Kleenex,Household,4.5,4.5,False,0.0,140 pack,3.21,100 sheets,,0,2026-06-18T14:40:52Z
woolworths,ww_654495,Ajax Spray & Wipe Multipurpose Cleaner Vanilla & Berries,Ajax,Household,3.5,3.5,False,0.0,475mL,0.74,100ML,,0,2026-06-18T14:40:52Z
woolworths,ww_215238,Bref Power Active Flower Toilet Cleaner Gel,Bref,Household,7.0,7.0,False,0.0,700mL,1.0,100ML,,0,2026-06-18T14:40:52Z
woolworths,ww_385187,Dynamo Professional Laundry Liquid Odour Eliminator,Dynamo,Household,14.5,29.0,True,50.0,2L,7.25,1L,,0,2026-06-18T14:40:52Z
woolworths,ww_385684,Dynamo Professional Laundry Liquid Odour Eliminator,Dynamo,Household,23.0,23.0,False,0.0,4L,5.75,1L,,0,2026-06-18T14:40:52Z
woolworths,ww_208111,Morning Fresh Dishwashing Liquid Lemon Lemon Super Strength,Morning Fresh,Household,10.0,10.0,False,0.0,900mL,1.11,100ML,,0,2026-06-18T14:40:52Z
woolworths,ww_785129,Sorbent Hypo-Allergenic 3 Ply Toilet Paper,Sorbent,Household,8.5,8.5,False,0.0,20 pack,0.24,100 sheets,,0,2026-06-18T14:40:52Z
woolworths,ww_184421,Clean Laundry Liquid Apple Splash,Clean,Household,2.0,2.0,False,0.0,2L,1.0,1L,,0,2026-06-18T14:40:52Z
woolworths,ww_852042,Quilton Prints 3 Ply Toilet Paper 180 Sheets,Quilton,Household,13.6,13.6,False,0.0,24 pack,0.31,100 sheets,,0,2026-06-18T14:40:52Z
woolworths,ww_58478,Glad Kitchen Tidy Bag Wavetop Large,Glad,Household,4.25,4.25,False,0.0,30 pack,0.14,1EA,,0,2026-06-18T14:40:52Z
woolworths,ww_684102,Armada Small Kitchen Tidy Bag,Armada,Household,2.5,2.5,False,0.0,40 pack,0.06,1EA,,0,2026-06-18T14:40:52Z
woolworths,ww_6052264,Earthwise Plant Powered Dish Liquid Orange & Eucalyptus,Earthwise,Household,5.75,5.75,False,0.0,900mL,0.64,100ML,,0,2026-06-18T14:40:52Z
woolworths,ww_6026366,Cold Power Laundry Capsules Advanced Clean,Cold Power,Household,17.0,17.0,False,0.0,18 pack,0.94,1EA,,0,2026-06-18T14:40:52Z
woolworths,ww_503712,Vanish Gold Pro Turbo White Stain Remover Powder,Vanish,Household,10.0,20.0,True,50.0,1kg,10.0,1KG,,0,2026-06-18T14:40:52Z
woolworths,ww_973273,Natpat Buzz Patch Mosquito Repellent Sticker Patches,Natpat,Household,14.5,14.5,False,0.0,16 pack,0.91,1EA,,0,2026-06-18T14:40:52Z
woolworths,ww_622215,Harpic Fresh Power Marine Splash Toilet Cleaner,Harpic,Household,7.0,7.0,False,0.0,700mL,1.0,100ML,,0,2026-06-18T14:40:52Z
woolworths,ww_248546,Strike Blue Toilet Cleaner Cistern Blocks,Strike,Household,2.0,2.0,False,0.0,2 pack,1.0,1EA,,0,2026-06-18T14:40:52Z
woolworths,ww_517047,Armada Garbage Bag Drawstring 56L,Armada,Household,3.8,3.8,False,0.0,20 pack,0.19,1EA,,0,2026-06-18T14:40:52Z
woolworths,ww_227264,Earth Choice Dishwashing Liquid Green Tea & Lime,Earth Choice,Household,3.5,3.5,False,0.0,500mL,0.7,100ML,,0,2026-06-18T14:40:52Z
woolworths,ww_152347,Earth Choice Antibacterial All Purpose Surface Spray,Earth Choice,Household,3.5,4.4,True,20.5,600mL,0.58,100ML,,0,2026-06-18T14:40:52Z
woolworths,ww_900471,My Eco Bag Compostable Earth Friendly Bin Liner Bags 12L Small,My Eco Bag,Household,4.7,4.7,False,0.0,20 pack,0.24,1EA,,0,2026-06-18T14:40:52Z
woolworths,ww_250145,Essentials Sponge Scourer Sponge,Essentials,Household,2.8,2.8,False,0.0,6 pack,0.47,1EA,,0,2026-06-18T14:40:52Z
woolworths,ww_517110,Armada Medium Kitchen Tidy Bag Lavender/Lemon Scented,Armada,Household,2.5,2.5,False,0.0,30 pack,0.08,1EA,,0,2026-06-18T14:40:52Z
woolworths,ww_250305,Earth Choice Toilet Cleaner Liquid Aqua,Earth Choice,Household,2.85,3.6,True,20.8,750mL,0.38,100ML,,0,2026-06-18T14:40:52Z
woolworths,ww_752108,Sorbent Flushable Wipes Hypo-Allergenic,Sorbent,Household,3.0,3.8,True,21.1,40 pack,7.5,100 sheets,,0,2026-06-18T14:40:52Z
woolworths,ww_824734,Armada Resealable Snack Bags,Armada,Household,1.5,1.5,False,0.0,50 pack,0.03,1EA,,0,2026-06-18T14:40:52Z
woolworths,ww_79492,Kleenex Eucalyptus 3 Ply Facial Tissues,Kleenex,Household,2.6,2.6,False,0.0,95 pack,2.74,100 sheets,,0,2026-06-18T14:40:52Z
woolworths,ww_588994,Morning Fresh Dishwashing Liquid Raspberry & Crisp Apple,Morning Fresh,Household,10.0,10.0,False,0.0,900mL,1.11,100ML,,0,2026-06-18T14:40:52Z
woolworths,ww_252072,Hercules Click Zip Large Resealable Twinzip Sandwich Bags,Hercules,Household,2.55,2.55,False,0.0,25 pack,0.1,1EA,,0,2026-06-18T14:40:52Z
woolworths,ww_517081,Armada Resealable Sandwich Bags,Armada,Household,2.0,2.0,False,0.0,65 pack,0.03,1EA,,0,2026-06-18T14:40:52Z
woolworths,ww_318338,Quilton Facial Tissue White 3Ply White 3Ply,Quilton,Household,2.3,2.3,False,0.0,55 pack,4.18,100 sheets,,0,2026-06-18T14:40:52Z
woolworths,ww_94095,Domestos Disinfectant Bleach Regular,Domestos,Household,6.6,6.6,False,0.0,1.25L,0.53,100ML,,0,2026-06-18T14:40:52Z
woolworths,ww_435065,Strike Pro Double Length 3 Ply Paper Towel,Strike,Household,5.3,5.3,False,0.0,3 x 120 pack,1.47,100 sheets,,0,2026-06-18T14:40:52Z
woolworths,ww_59044,Vanish Gold Stain Remover Spray Remover Spray,Vanish,Household,4.75,9.5,True,50.0,450mL,10.56,1L,,0,2026-06-18T14:40:52Z
woolworths,ww_58479,Glad Kitchen Tidy Bag Wavetop Medium,Glad,Household,4.25,4.25,False,0.0,40 pack,0.11,1EA,,0,2026-06-18T14:40:52Z
woolworths,ww_707402,Glad Wavetop Tie Bin Liner Purple Large,Glad,Household,4.4,4.4,False,0.0,24 pack,0.18,1EA,,0,2026-06-18T14:40:52Z
woolworths,ww_158767,Quilton Classic 3 Ply Toilet Paper,Quilton,Household,4.3,8.6,True,50.0,8 pack,0.3,100 sheets,,0,2026-06-18T14:40:52Z
woolworths,ww_13542,Essentials Cling Wrap 60m,Essentials,Household,1.5,1.5,False,0.0,each,0.03,1M,,0,2026-06-18T14:40:52Z
woolworths,ww_18324,Essentials Aluminium Foil 10m,Essentials,Household,2.1,2.1,False,0.0,each,0.21,1M,,0,2026-06-18T14:40:52Z
woolworths,ww_103467,icare Wipex Recycled 3 Ply Paper Towel,icare,Household,1.9,3.85,True,50.6,2 x 60 pack,1.58,100 sheets,,0,2026-06-18T14:40:52Z
woolworths,ww_192426,Glad Kitchen Tidy Bag Wavetop X-Large,Glad,Household,4.25,4.25,False,0.0,20 pack,0.21,1EA,,0,2026-06-18T14:40:52Z
woolworths,ww_178479,Strike Pro Disinfectant Lavender Hospital Grade,Strike,Household,2.5,2.5,False,0.0,1.25L,0.2,100ML,,0,2026-06-18T14:40:52Z
woolworths,ww_183866,Shine Dishwashing Tablets,Shine,Household,4.0,4.0,False,0.0,30 pack,0.13,1EA,,0,2026-06-18T14:40:52Z
woolworths,ww_94094,Domestos Disinfectant Bleach Mountain Fresh,Domestos,Household,6.6,6.6,False,0.0,1.25L,0.53,100ML,,0,2026-06-18T14:40:52Z
woolworths,ww_385987,Cold Power Extreme Clean Laundry Liquid Washing Detergent,Cold Power,Household,26.0,26.0,False,0.0,2L,13.0,1L,,0,2026-06-18T14:40:52Z
woolworths,ww_88334,Cold Power Sensitive Laundry Liquid Washing Detergent,Cold Power,Household,26.0,26.0,False,0.0,2L,13.0,1L,,0,2026-06-18T14:40:52Z
woolworths,ww_903711,Cold Power Sensitive Laundry Liquid Washing Detergent,Cold Power,Household,21.0,21.0,False,0.0,4L,5.25,1L,,0,2026-06-18T14:40:52Z
woolworths,ww_385929,Cold Power Advanced Clean Odour Fighter Laundry Liquid Detergent,Cold Power,Household,21.0,21.0,False,0.0,4L,5.25,1L,,0,2026-06-18T14:40:52Z
woolworths,ww_687742,Glad Wavetop Garbage Bag 80 Litres,Glad,Household,9.0,9.0,False,0.0,30 pack,0.3,1EA,,0,2026-06-18T14:40:52Z
woolworths,ww_249921,Viva White Paper Towel 180 Sheets,Viva,Household,5.0,5.0,False,0.0,3 x 60 pack,2.78,100 sheets,,0,2026-06-18T14:40:52Z
woolworths,ww_173870,Sard Super Power Stain Remover Spray,Sard,Household,8.0,8.0,False,0.0,420mL,19.05,1L,,0,2026-06-18T14:40:52Z
woolworths,ww_6055295,Sorbent Flushable Intimate Wipes,Sorbent,Household,3.8,3.8,False,0.0,40 pack,9.5,100 sheets,,0,2026-06-18T14:40:52Z
woolworths,ww_819751,Armada Baking Paper 50m,Armada,Household,8.0,8.0,False,0.0,each,0.16,1M,,0,2026-06-18T14:40:52Z
woolworths,ww_63878,Earth Choice Wool Wash,Earth Choice,Household,2.7,2.7,False,0.0,1L,2.7,1L,,0,2026-06-18T14:40:52Z
woolworths,ww_88675,Cold Power Advanced Clean Laundry Liquid Washing Detergent,Cold Power,Household,10.0,10.0,False,0.0,1L,10.0,1L,,0,2026-06-18T14:40:52Z
woolworths,ww_463969,Bref Duo Cubes Blue Water Ocean Toilet Cleaner In Tank Block,Bref,Household,5.0,5.0,False,0.0,50g x 2 pack,5.0,100G,,0,2026-06-18T14:40:52Z
woolworths,ww_660453,Earthwise Orange & Eucalyptus Laundry Liquid Washing Detergent,Earthwise,Household,19.0,19.0,False,0.0,4L,4.75,1L,,0,2026-06-18T14:40:52Z
woolworths,ww_88205,Cold Power Advanced Clean Laundry Washing Powder Detergent,Cold Power,Household,21.0,21.0,False,0.0,4kg,5.25,1KG,,0,2026-06-18T14:40:52Z
woolworths,ww_720962,Shine Dishwasher Powder Concentrate,Shine,Household,3.9,3.9,False,0.0,1kg,0.39,100G,,0,2026-06-18T14:40:52Z
woolworths,ww_6065378,Finish Dishwasher Deep Cleaner Lemon,Finish,Household,12.0,12.0,False,0.0,250mL,4.8,100ML,,0,2026-06-18T14:40:52Z
woolworths,ww_880225,Handee Ultra Triple Length Paper Towel,Handee,Household,8.0,8.0,False,0.0,2 x 180 pack,2.22,100 sheets,,0,2026-06-18T14:40:52Z
woolworths,ww_204831,Ajax Spray & Wipe Multipurpose Kitchen Cleaner Baking Soda,Ajax,Household,3.5,3.5,False,0.0,500mL,0.7,100ML,,0,2026-06-18T14:40:52Z
woolworths,ww_25724,Essentials Household Sponge Sponge,Essentials,Household,1.8,1.8,False,0.0,5 pack,0.36,1EA,,0,2026-06-18T14:40:52Z
woolworths,ww_738604,Earth Choice Dishwashing Tablets,Earth Choice,Household,17.8,17.8,False,0.0,42 pack,0.42,1EA,,0,2026-06-18T14:40:52Z
woolworths,ww_517049,Armada Small Kitchen Tidy Bags Lavender/Lemon Scented,Armada,Household,2.5,2.5,False,0.0,40 pack,0.06,1EA,,0,2026-06-18T14:40:52Z
woolworths,ww_938184,Sorbent Soft & Strong 3 Ply Toilet Paper,Sorbent,Household,9.0,9.0,False,0.0,10 pack,0.5,100 sheets,,0,2026-06-18T14:40:52Z
woolworths,ww_507630,Quilton 3 Ply Large & Thick Aloe Vera Facial Tissue,Quilton,Household,2.0,2.0,False,0.0,72 pack,2.78,100 sheets,,0,2026-06-18T14:40:52Z
woolworths,ww_309127,Glad Cling Wrap 90m,Glad,Household,6.5,6.5,False,0.0,each,0.07,1M,,0,2026-06-18T14:40:52Z
woolworths,ww_785104,Fluffy Fabric Softener Concentrate Vanilla & Coconut,Fluffy,Household,9.5,9.5,False,0.0,900mL,10.56,1L,,0,2026-06-18T14:40:52Z
woolworths,ww_143227,Radiant Mixed Colours Laundry Liquid Detergent,Radiant,Household,22.0,22.0,False,0.0,2L,11.0,1L,,0,2026-06-18T14:40:52Z
woolworths,ww_360701,Multix Kitchen Tidy Bags Large Colour Scents Rose,Multix,Household,7.0,7.0,False,0.0,60 pack,0.12,1EA,,0,2026-06-18T14:40:52Z
woolworths,ww_183957,Shine Ultra Rinse Aid Lemon,Shine,Household,2.8,2.8,False,0.0,500mL,0.56,100ML,,0,2026-06-18T14:40:52Z
woolworths,ww_260703,Finish Rinse & Shine Dishwashing Aid Aid,Finish,Household,6.5,13.0,True,50.0,500mL,1.3,100ML,,0,2026-06-18T14:40:52Z
woolworths,ww_208112,Morning Fresh Dishwashing Liquid Original Original Super Strength,Morning Fresh,Household,10.0,10.0,False,0.0,900mL,1.11,100ML,,0,2026-06-18T14:40:52Z
woolworths,ww_847649,icare 100% Recycled Double Length 3 Ply Toilet Tissue,icare,Household,7.9,7.9,False,0.0,6 pack,0.37,100 sheets,,0,2026-06-18T14:40:52Z
woolworths,ww_267357,Who Gives A Crap Double Length Recycled 3 Ply Toilet Paper,Who Gives A Crap,Household,10.5,10.5,False,0.0,8 pack,0.36,100 sheets,,0,2026-06-18T14:40:52Z
woolworths,ww_184425,Clean Laundry Powder Lemon Fresh,Clean,Household,5.0,5.0,False,0.0,4kg,1.25,1KG,,0,2026-06-18T14:40:52Z
woolworths,ww_19787,Handee Ultra White Paper Towel White 120 Sheets,Handee,Household,4.3,4.3,False,0.0,2 x 60 pack,3.58,100 sheets,,0,2026-06-18T14:40:52Z
woolworths,ww_244372,Vevelle 3 Ply 9 Sheets Hypoallergenic Facial Tissues,Vevelle,Household,1.4,1.4,False,0.0,6 pack,2.59,100 sheets,,0,2026-06-18T14:40:52Z
woolworths,ww_861620,Essentials Non-Scratch Sponge Scourers Scourers,Essentials,Household,2.0,2.0,False,0.0,3 pack,0.67,1EA,,0,2026-06-18T14:40:52Z
woolworths,ww_305390,Armada Cling Wrap 60m,Armada,Household,3.5,3.5,False,0.0,each,0.06,1M,,0,2026-06-18T14:40:52Z
woolworths,ww_94666,Essentials Wipes Domestic,Essentials,Household,1.05,1.05,False,0.0,10 pack,0.11,1EA,,0,2026-06-18T14:40:52Z
woolworths,ww_829558,Morning Fresh Dishwashing Liquid Lemon Lemon Fresh,Morning Fresh,Household,6.0,6.0,False,0.0,400mL,1.5,100ML,,0,2026-06-18T14:40:52Z
woolworths,ww_6031499,Strike Stainless Steel Scourers,Strike,Household,1.0,1.0,False,0.0,3 pack,1.0,1EA,,0,2026-06-18T14:40:52Z
woolworths,ww_125367,Hercules Click Zip Resealable Sandwich Bags,Hercules,Household,2.35,2.35,False,0.0,40 pack,0.06,1EA,,0,2026-06-18T14:40:52Z
woolworths,ww_117138,Refresh Demineralised Water,Refresh,Household,2.4,2.4,False,0.0,2L,1.2,1L,,0,2026-06-18T14:40:52Z
woolworths,ww_187132,Soften Fabric Conditioner Ocean Fresh,Soften,Household,3.0,3.0,False,0.0,2L,1.5,1L,,0,2026-06-18T14:40:52Z
woolworths,ww_700563,Fluffy Fabric Softener Concentrate Spice Allure,Fluffy,Household,9.5,9.5,False,0.0,1L,9.5,1L,,0,2026-06-18T14:40:52Z
